"DatePosted","CVE","BulletinKB","Title","AffectedProduct","AffectedComponent","Severity","Impact","Exploits"
"20120508","CVE-2011-3402","2676562","Combined Security Update for Microsoft Office, Windows, .NET Framework, and Silverlight","Microsoft Windows Server 2003 for Itanium-based Systems Service Pack 2","","Critical","Remote Code Execution",""
"20120508","CVE-2011-3402","2676562","Combined Security Update for Microsoft Office, Windows, .NET Framework, and Silverlight","Microsoft Windows Server 2003 x64 Edition Service Pack 2","","Critical","Remote Code Execution",""
"20120508","CVE-2011-3402","2659262","Combined Security Update for Microsoft Office, Windows, .NET Framework, and Silverlight","Microsoft Windows Server 2003 for Itanium-based Systems Service Pack 2","","Critical","Remote Code Execution",""
"20120508","CVE-2011-3402","2659262","Combined Security Update for Microsoft Office, Windows, .NET Framework, and Silverlight","Microsoft Windows Server 2003 x64 Edition Service Pack 2","","Critical","Remote Code Execution",""
"20120508","CVE-2011-3402","2686509","Combined Security Update for Microsoft Office, Windows, .NET Framework, and Silverlight","Microsoft Windows Server 2003 for Itanium-based Systems Service Pack 2","","Critical","Remote Code Execution",""
"20120508","CVE-2011-3402","2686509","Combined Security Update for Microsoft Office, Windows, .NET Framework, and Silverlight","Microsoft Windows Server 2003 x64 Edition Service Pack 2","","Critical","Remote Code Execution",""
"20050330","SPSRV3X86SP1","SPSRV3X86SP1","Microsoft Windows Server 2003 Service Pack 1","Microsoft Windows Server 2003","","Critical","No more updates",""
"20140610","CVE-2014-1769","2957689","Cumulative Security Update for Internet Explorer","Microsoft Windows Server 2003 x64 Edition Service Pack 2","Windows Internet Explorer 7","Critical","Remote Code Execution","https://exploit-db.com/exploits/34010"
"20140610","CVE-2014-1769","2957689","Cumulative Security Update for Internet Explorer","Microsoft Windows Server 2003 for Itanium-based Systems Service Pack 2","Windows Internet Explorer 7","Critical","Remote Code Execution","https://exploit-db.com/exploits/34010"
"20140610","CVE-2014-1769","2957689","Cumulative Security Update for Internet Explorer","Microsoft Windows Server 2003 x64 Edition Service Pack 2","Windows Internet Explorer 8","Critical","Remote Code Execution","https://exploit-db.com/exploits/34010"
"20140610","CVE-2014-1769","2957689","Cumulative Security Update for Internet Explorer","Microsoft Windows Server 2003 x64 Edition Service Pack 2","Microsoft Internet Explorer 6.0","Critical","Remote Code Execution","https://exploit-db.com/exploits/34010"
"20140610","CVE-2014-1769","2957689","Cumulative Security Update for Internet Explorer","Microsoft Windows Server 2003 for Itanium-based Systems Service Pack 2","Microsoft Internet Explorer 6.0","Critical","Remote Code Execution","https://exploit-db.com/exploits/34010"
"20120921","CVE-2012-1529","2744842","Cumulative Security Update for Internet Explorer","Microsoft Windows Server 2003 for Itanium-based Systems Service Pack 2","Microsoft Internet Explorer 6.0","Critical","Remote Code Execution",""
"20120921","CVE-2012-1529","2744842","Cumulative Security Update for Internet Explorer","Microsoft Windows Server 2003 x64 Edition Service Pack 2","Microsoft Internet Explorer 6.0","Critical","Remote Code Execution",""
"20120921","CVE-2012-1529","2744842","Cumulative Security Update for Internet Explorer","Microsoft Windows Server 2003 for Itanium-based Systems Service Pack 2","Windows Internet Explorer 7","Critical","Remote Code Execution",""
"20120921","CVE-2012-1529","2744842","Cumulative Security Update for Internet Explorer","Microsoft Windows Server 2003 x64 Edition Service Pack 2","Windows Internet Explorer 7","Critical","Remote Code Execution",""
"20120921","CVE-2012-1529","2744842","Cumulative Security Update for Internet Explorer","Microsoft Windows Server 2003 x64 Edition Service Pack 2","Windows Internet Explorer 8","Critical","Remote Code Execution",""
"20120814","CVE-2012-1853","2705219","Vulnerabilities in Windows Networking Components Could Allow Remote Code Execution","Microsoft Windows Server 2003 for Itanium-based Systems Service Pack 2","","Critical","Remote Code Execution",""
"20120814","CVE-2012-1853","2705219","Vulnerabilities in Windows Networking Components Could Allow Remote Code Execution","Microsoft Windows Server 2003 x64 Edition Service Pack 2","","Critical","Remote Code Execution",""
"20120814","CVE-2012-1853","2712808","Vulnerabilities in Windows Networking Components Could Allow Remote Code Execution","Microsoft Windows Server 2003 for Itanium-based Systems Service Pack 2","","Critical","Remote Code Execution",""
"20120814","CVE-2012-1853","2712808","Vulnerabilities in Windows Networking Components Could Allow Remote Code Execution","Microsoft Windows Server 2003 x64 Edition Service Pack 2","","Critical","Remote Code Execution",""
"20100810","CVE-2010-1882","2115168","Vulnerability in Microsoft MPEG Layer-3 Codecs Could Allow Remote Code Execution","Microsoft Windows Server 2003 x64 Edition Service Pack 2","","Critical","Remote Code Execution",""
"20081111","CVE-2008-4029","954430","Vulnerabilities in Microsoft XML Core Services Could Allow Remote Code Execution","Microsoft Windows Server 2003 x64 Edition","Microsoft XML Core Services 4.0","Critical","Remote Code Execution","https://exploit-db.com/exploits/7196"
"20081111","CVE-2008-4029","954430","Vulnerabilities in Microsoft XML Core Services Could Allow Remote Code Execution","Microsoft Windows Server 2003 x64 Edition Service Pack 2","Microsoft XML Core Services 4.0","Critical","Remote Code Execution","https://exploit-db.com/exploits/7196"
"20081111","CVE-2008-4029","954430","Vulnerabilities in Microsoft XML Core Services Could Allow Remote Code Execution","Microsoft Windows Server 2003 for Itanium-based Systems Service Pack 1","Microsoft XML Core Services 4.0","Critical","Remote Code Execution","https://exploit-db.com/exploits/7196"
"20081111","CVE-2008-4029","954430","Vulnerabilities in Microsoft XML Core Services Could Allow Remote Code Execution","Microsoft Windows Server 2003 for Itanium-based Systems Service Pack 2","Microsoft XML Core Services 4.0","Critical","Remote Code Execution","https://exploit-db.com/exploits/7196"
"20081111","CVE-2008-4029","954459","Vulnerabilities in Microsoft XML Core Services Could Allow Remote Code Execution","Microsoft Windows Server 2003 x64 Edition","Microsoft XML Core Services 6.0","Critical","Remote Code Execution","https://exploit-db.com/exploits/7196"
"20081111","CVE-2008-4029","954459","Vulnerabilities in Microsoft XML Core Services Could Allow Remote Code Execution","Microsoft Windows Server 2003 x64 Edition Service Pack 2","Microsoft XML Core Services 6.0","Critical","Remote Code Execution","https://exploit-db.com/exploits/7196"
"20081111","CVE-2008-4029","954459","Vulnerabilities in Microsoft XML Core Services Could Allow Remote Code Execution","Microsoft Windows Server 2003 for Itanium-based Systems Service Pack 1","Microsoft XML Core Services 6.0","Critical","Remote Code Execution","https://exploit-db.com/exploits/7196"
"20081111","CVE-2008-4029","954459","Vulnerabilities in Microsoft XML Core Services Could Allow Remote Code Execution","Microsoft Windows Server 2003 for Itanium-based Systems Service Pack 2","Microsoft XML Core Services 6.0","Critical","Remote Code Execution","https://exploit-db.com/exploits/7196"
"20140610","CVE-2014-1784","2957689","Cumulative Security Update for Internet Explorer","Microsoft Windows Server 2003 x64 Edition Service Pack 2","Windows Internet Explorer 7","Critical","Remote Code Execution","https://exploit-db.com/exploits/34010"
"20140610","CVE-2014-1784","2957689","Cumulative Security Update for Internet Explorer","Microsoft Windows Server 2003 for Itanium-based Systems Service Pack 2","Windows Internet Explorer 7","Critical","Remote Code Execution","https://exploit-db.com/exploits/34010"
"20140610","CVE-2014-1784","2957689","Cumulative Security Update for Internet Explorer","Microsoft Windows Server 2003 x64 Edition Service Pack 2","Windows Internet Explorer 8","Critical","Remote Code Execution","https://exploit-db.com/exploits/34010"
"20140610","CVE-2014-1784","2957689","Cumulative Security Update for Internet Explorer","Microsoft Windows Server 2003 x64 Edition Service Pack 2","Microsoft Internet Explorer 6.0","Critical","Remote Code Execution","https://exploit-db.com/exploits/34010"
"20140610","CVE-2014-1784","2957689","Cumulative Security Update for Internet Explorer","Microsoft Windows Server 2003 for Itanium-based Systems Service Pack 2","Microsoft Internet Explorer 6.0","Critical","Remote Code Execution","https://exploit-db.com/exploits/34010"
"20140812","CVE-2014-2818","2976627","Cumulative Security Update for Internet Explorer","Microsoft Windows Server 2003 x64 Edition Service Pack 2","Microsoft Internet Explorer 6.0","Critical","Remote Code Execution",""
"20140812","CVE-2014-2818","2976627","Cumulative Security Update for Internet Explorer","Microsoft Windows Server 2003 for Itanium-based Systems Service Pack 2","Microsoft Internet Explorer 6.0","Critical","Remote Code Execution",""
"20140812","CVE-2014-2818","2976627","Cumulative Security Update for Internet Explorer","Microsoft Windows Server 2003 x64 Edition Service Pack 2","Windows Internet Explorer 7","Critical","Remote Code Execution",""
"20140812","CVE-2014-2818","2976627","Cumulative Security Update for Internet Explorer","Microsoft Windows Server 2003 for Itanium-based Systems Service Pack 2","Windows Internet Explorer 7","Critical","Remote Code Execution",""
"20140812","CVE-2014-2818","2976627","Cumulative Security Update for Internet Explorer","Microsoft Windows Server 2003 x64 Edition Service Pack 2","Windows Internet Explorer 8","Critical","Remote Code Execution",""
"20110614","CVE-2011-1264","2518295","Vulnerability in Active Directory Certificate Services Web Enrollment Could Allow Elevation of Privilege","Microsoft Windows Server 2003 x64 Edition Service Pack 2","","Important","Elevation of Privilege",""
"20140610","CVE-2014-1795","2957689","Cumulative Security Update for Internet Explorer","Microsoft Windows Server 2003 x64 Edition Service Pack 2","Windows Internet Explorer 7","Critical","Remote Code Execution","https://exploit-db.com/exploits/34010"
"20140610","CVE-2014-1795","2957689","Cumulative Security Update for Internet Explorer","Microsoft Windows Server 2003 for Itanium-based Systems Service Pack 2","Windows Internet Explorer 7","Critical","Remote Code Execution","https://exploit-db.com/exploits/34010"
"20140610","CVE-2014-1795","2957689","Cumulative Security Update for Internet Explorer","Microsoft Windows Server 2003 x64 Edition Service Pack 2","Windows Internet Explorer 8","Critical","Remote Code Execution","https://exploit-db.com/exploits/34010"
"20140610","CVE-2014-1795","2957689","Cumulative Security Update for Internet Explorer","Microsoft Windows Server 2003 x64 Edition Service Pack 2","Microsoft Internet Explorer 6.0","Critical","Remote Code Execution","https://exploit-db.com/exploits/34010"
"20140610","CVE-2014-1795","2957689","Cumulative Security Update for Internet Explorer","Microsoft Windows Server 2003 for Itanium-based Systems Service Pack 2","Microsoft Internet Explorer 6.0","Critical","Remote Code Execution","https://exploit-db.com/exploits/34010"
"20150714","CVE-2015-2382","3070102","Vulnerabilities in Windows Kernel-Mode Driver Could Allow Elevation of Privilege","Microsoft Windows Server 2003 x64 Edition Service Pack 2","","Important","Elevation of Privilege",""
"20150714","CVE-2015-2382","3070102","Vulnerabilities in Windows Kernel-Mode Driver Could Allow Elevation of Privilege","Microsoft Windows Server 2003 for Itanium-based Systems Service Pack 2","","Important","Elevation of Privilege",""
"20150714","CVE-2015-2413","3065822","Security Update for Internet Explorer","Microsoft Windows Server 2003 x64 Edition Service Pack 2","Microsoft Internet Explorer 6.0","Critical","Remote Code Execution",""
"20150714","CVE-2015-2413","3065822","Security Update for Internet Explorer","Microsoft Windows Server 2003 for Itanium-based Systems Service Pack 2","Microsoft Internet Explorer 6.0","Critical","Remote Code Execution",""
"20150714","CVE-2015-2413","3065822","Security Update for Internet Explorer","Microsoft Windows Server 2003 x64 Edition Service Pack 2","Windows Internet Explorer 7","Critical","Remote Code Execution",""
"20150714","CVE-2015-2413","3065822","Security Update for Internet Explorer","Microsoft Windows Server 2003 for Itanium-based Systems Service Pack 2","Windows Internet Explorer 7","Critical","Remote Code Execution",""
"20150714","CVE-2015-2413","3065822","Security Update for Internet Explorer","Microsoft Windows Server 2003 x64 Edition Service Pack 2","Windows Internet Explorer 8","Critical","Remote Code Execution",""
"20131210","CVE-2013-5056","2892075","Vulnerability in Microsoft Scripting Runtime Object Library Could Allow Remote Code Execution","Microsoft Windows Server 2003 x64 Edition Service Pack 2","Windows Script 5.7","Critical","Remote Code Execution",""
"20131210","CVE-2013-5056","2892075","Vulnerability in Microsoft Scripting Runtime Object Library Could Allow Remote Code Execution","Microsoft Windows Server 2003 for Itanium-based Systems Service Pack 2","Windows Script 5.7","Critical","Remote Code Execution",""
"20131210","CVE-2013-5056","2892076","Vulnerability in Microsoft Scripting Runtime Object Library Could Allow Remote Code Execution","Microsoft Windows Server 2003 x64 Edition Service Pack 2","Windows Script 5.6","Critical","Remote Code Execution",""
"20131210","CVE-2013-5056","2892076","Vulnerability in Microsoft Scripting Runtime Object Library Could Allow Remote Code Execution","Microsoft Windows Server 2003 for Itanium-based Systems Service Pack 2","Windows Script 5.6","Critical","Remote Code Execution",""
"20121113","CVE-2012-1895","2737019","Vulnerabilities in .NET Framework Could Allow Remote Code Execution","Microsoft Windows Server 2003 x64 Edition Service Pack 2","Microsoft .NET Framework 4","Critical","Remote Code Execution",""
"20121113","CVE-2012-1895","2737019","Vulnerabilities in .NET Framework Could Allow Remote Code Execution","Microsoft Windows Server 2003 for Itanium-based Systems Service Pack 2","Microsoft .NET Framework 4","Critical","Remote Code Execution",""
"20121113","CVE-2012-1895","2729450","Vulnerabilities in .NET Framework Could Allow Remote Code Execution","Microsoft Windows Server 2003 x64 Edition Service Pack 2","Microsoft .NET Framework 2.0 Service Pack 2","Critical","Remote Code Execution",""
"20121113","CVE-2012-1895","2729450","Vulnerabilities in .NET Framework Could Allow Remote Code Execution","Microsoft Windows Server 2003 for Itanium-based Systems Service Pack 2","Microsoft .NET Framework 2.0 Service Pack 2","Critical","Remote Code Execution",""
"20121113","CVE-2012-1895","2729449","Vulnerabilities in .NET Framework Could Allow Remote Code Execution","Microsoft Windows Server 2003 x64 Edition Service Pack 2","Microsoft .NET Framework 4","Critical","Remote Code Execution",""
"20121113","CVE-2012-1895","2729449","Vulnerabilities in .NET Framework Could Allow Remote Code Execution","Microsoft Windows Server 2003 for Itanium-based Systems Service Pack 2","Microsoft .NET Framework 4","Critical","Remote Code Execution",""
"20091208","CVE-2009-3675","974392","Vulnerability in Local Security Authority Subsystem Service Could Allow Denial of Service","Microsoft Windows Server 2003 x64 Edition Service Pack 2","","Important","Denial of Service",""
"20091208","CVE-2009-3675","974392","Vulnerability in Local Security Authority Subsystem Service Could Allow Denial of Service","Microsoft Windows Server 2003 for Itanium-based Systems Service Pack 2","","Important","Denial of Service",""
"20110208","CVE-2011-0039","2478960","Vulnerability in Local Security Authority Subsystem Service Could Allow Local Elevation of Privilege","Microsoft Windows Server 2003 x64 Edition Service Pack 2","","Important","Elevation of Privilege",""
"20140812","CVE-2014-4051","2976627","Cumulative Security Update for Internet Explorer","Microsoft Windows Server 2003 x64 Edition Service Pack 2","Microsoft Internet Explorer 6.0","Critical","Remote Code Execution",""
"20140812","CVE-2014-4051","2976627","Cumulative Security Update for Internet Explorer","Microsoft Windows Server 2003 for Itanium-based Systems Service Pack 2","Microsoft Internet Explorer 6.0","Critical","Remote Code Execution",""
"20140812","CVE-2014-4051","2976627","Cumulative Security Update for Internet Explorer","Microsoft Windows Server 2003 x64 Edition Service Pack 2","Windows Internet Explorer 7","Critical","Remote Code Execution",""
"20140812","CVE-2014-4051","2976627","Cumulative Security Update for Internet Explorer","Microsoft Windows Server 2003 for Itanium-based Systems Service Pack 2","Windows Internet Explorer 7","Critical","Remote Code Execution",""
"20140812","CVE-2014-4051","2976627","Cumulative Security Update for Internet Explorer","Microsoft Windows Server 2003 x64 Edition Service Pack 2","Windows Internet Explorer 8","Critical","Remote Code Execution",""
"20150113","CVE-2015-0004","3021674","Vulnerability in Windows User Profile Service Could Allow Elevation of Privilege","Microsoft Windows Server 2003 x64 Edition Service Pack 2","","Important","Elevation of Privilege","https://code.google.com/p/google-security-research/issues/detail?id=123, https://exploit-db.com/exploits/35811"
"20150113","CVE-2015-0004","3021674","Vulnerability in Windows User Profile Service Could Allow Elevation of Privilege","Microsoft Windows Server 2003 for Itanium-based Systems Service Pack 2","","Important","Elevation of Privilege","https://code.google.com/p/google-security-research/issues/detail?id=123, https://exploit-db.com/exploits/35811"
"20081209","CVE-2008-3009","952069","Vulnerabilities in Windows Media Components Could Allow Remote Code Execution","Microsoft Windows Server 2003 x64 Edition","Windows Media Format Runtime 9.5","Important","Remote Code Execution",""
"20081209","CVE-2008-3009","952069","Vulnerabilities in Windows Media Components Could Allow Remote Code Execution","Microsoft Windows Server 2003 x64 Edition Service Pack 2","Windows Media Format Runtime 9.5","Important","Remote Code Execution",""
"20081209","CVE-2008-3009","952069","Vulnerabilities in Windows Media Components Could Allow Remote Code Execution","Microsoft Windows Server 2003 x64 Edition","Windows Media Format Runtime","Important","Remote Code Execution",""
"20081209","CVE-2008-3009","952069","Vulnerabilities in Windows Media Components Could Allow Remote Code Execution","Microsoft Windows Server 2003 x64 Edition Service Pack 2","Windows Media Format Runtime","Important","Remote Code Execution",""
"20090811","CVE-2009-1544","971657","Vulnerability in Workstation Service Could Allow Elevation of Privilege","Microsoft Windows Server 2003 x64 Edition Service Pack 2","","Important","Elevation of Privilege",""
"20090811","CVE-2009-1544","971657","Vulnerability in Workstation Service Could Allow Elevation of Privilege","Microsoft Windows Server 2003 for Itanium-based Systems Service Pack 2","","Important","Elevation of Privilege",""
"20150310","CVE-2015-1637","3046049","Vulnerability in Schannel Could Allow Security Feature Bypass","Microsoft Windows Server 2003 x64 Edition Service Pack 2","","Important","Security Feature Bypass",""
"20150310","CVE-2015-1637","3046049","Vulnerability in Schannel Could Allow Security Feature Bypass","Microsoft Windows Server 2003 for Itanium-based Systems Service Pack 2","","Important","Security Feature Bypass",""
"20100209","CVE-2010-0028","978706","Vulnerability in Microsoft Paint Could Allow Remote Code Execution","Microsoft Windows Server 2003 x64 Edition Service Pack 2","","Moderate","Remote Code Execution","https://exploit-db.com/exploits/12518"
"20100209","CVE-2010-0028","978706","Vulnerability in Microsoft Paint Could Allow Remote Code Execution","Microsoft Windows Server 2003 for Itanium-based Systems Service Pack 2","","Moderate","Remote Code Execution","https://exploit-db.com/exploits/12518"
"20111213","CVE-2011-3406","2621146","Vulnerability in Active Directory Could Allow Remote Code Execution","Microsoft Windows Server 2003 x64 Edition Service Pack 2","Active Directory","Important","Remote Code Execution",""
"20111213","CVE-2011-3406","2621146","Vulnerability in Active Directory Could Allow Remote Code Execution","Microsoft Windows Server 2003 for Itanium-based Systems Service Pack 2","Active Directory","Important","Remote Code Execution",""
"20140610","CVE-2014-2756","2957689","Cumulative Security Update for Internet Explorer","Microsoft Windows Server 2003 x64 Edition Service Pack 2","Windows Internet Explorer 7","Critical","Remote Code Execution","https://exploit-db.com/exploits/34010"
"20140610","CVE-2014-2756","2957689","Cumulative Security Update for Internet Explorer","Microsoft Windows Server 2003 for Itanium-based Systems Service Pack 2","Windows Internet Explorer 7","Critical","Remote Code Execution","https://exploit-db.com/exploits/34010"
"20140610","CVE-2014-2756","2957689","Cumulative Security Update for Internet Explorer","Microsoft Windows Server 2003 x64 Edition Service Pack 2","Windows Internet Explorer 8","Critical","Remote Code Execution","https://exploit-db.com/exploits/34010"
"20140610","CVE-2014-2756","2957689","Cumulative Security Update for Internet Explorer","Microsoft Windows Server 2003 x64 Edition Service Pack 2","Microsoft Internet Explorer 6.0","Critical","Remote Code Execution","https://exploit-db.com/exploits/34010"
"20140610","CVE-2014-2756","2957689","Cumulative Security Update for Internet Explorer","Microsoft Windows Server 2003 for Itanium-based Systems Service Pack 2","Microsoft Internet Explorer 6.0","Critical","Remote Code Execution","https://exploit-db.com/exploits/34010"
"20090414","CVE-2009-0078","952004","Vulnerabilities in Windows Could Allow Elevation of Privilege","Microsoft Windows Server 2003 x64 Edition","","Important","Elevation of Privilege","https://exploit-db.com/exploits/32891"
"20090414","CVE-2009-0078","952004","Vulnerabilities in Windows Could Allow Elevation of Privilege","Microsoft Windows Server 2003 x64 Edition Service Pack 2","","Important","Elevation of Privilege","https://exploit-db.com/exploits/32891"
"20090414","CVE-2009-0078","952004","Vulnerabilities in Windows Could Allow Elevation of Privilege","Microsoft Windows Server 2003 for Itanium-based Systems Service Pack 1","","Important","Elevation of Privilege","https://exploit-db.com/exploits/32891"
"20090414","CVE-2009-0078","952004","Vulnerabilities in Windows Could Allow Elevation of Privilege","Microsoft Windows Server 2003 for Itanium-based Systems Service Pack 2","","Important","Elevation of Privilege","https://exploit-db.com/exploits/32891"
"20090414","CVE-2009-0078","956572","Vulnerabilities in Windows Could Allow Elevation of Privilege","Microsoft Windows Server 2003 x64 Edition","","Important","Elevation of Privilege","https://exploit-db.com/exploits/32891"
"20090414","CVE-2009-0078","956572","Vulnerabilities in Windows Could Allow Elevation of Privilege","Microsoft Windows Server 2003 x64 Edition Service Pack 2","","Important","Elevation of Privilege","https://exploit-db.com/exploits/32891"
"20090414","CVE-2009-0078","956572","Vulnerabilities in Windows Could Allow Elevation of Privilege","Microsoft Windows Server 2003 for Itanium-based Systems Service Pack 1","","Important","Elevation of Privilege","https://exploit-db.com/exploits/32891"
"20090414","CVE-2009-0078","956572","Vulnerabilities in Windows Could Allow Elevation of Privilege","Microsoft Windows Server 2003 for Itanium-based Systems Service Pack 2","","Important","Elevation of Privilege","https://exploit-db.com/exploits/32891"
"20090811","CVE-2008-0015","973507","Vulnerabilities in Microsoft Active Template Library (ATL) Could Allow Remote Code Execution","Microsoft Windows Server 2003 x64 Edition Service Pack 2","Windows ATL Component","Critical","Remote Code Execution","http://isc.sans.org/diary.html?storyid=6733, http://www.csis.dk/dk/nyheder/nyheder.asp?tekstID=799, http://www.iss.net/threats/329.html, https://exploit-db.com/exploits/16615, https://exploit-db.com/exploits/9108"
"20090811","CVE-2008-0015","973507","Vulnerabilities in Microsoft Active Template Library (ATL) Could Allow Remote Code Execution","Microsoft Windows Server 2003 for Itanium-based Systems Service Pack 2","Windows ATL Component","Critical","Remote Code Execution","http://isc.sans.org/diary.html?storyid=6733, http://www.csis.dk/dk/nyheder/nyheder.asp?tekstID=799, http://www.iss.net/threats/329.html, https://exploit-db.com/exploits/16615, https://exploit-db.com/exploits/9108"
"20090811","CVE-2008-0015","973815","Vulnerabilities in Microsoft Active Template Library (ATL) Could Allow Remote Code Execution","Microsoft Windows Server 2003 x64 Edition Service Pack 2","Microsoft MSWebDVD ActiveX Control","Critical","Remote Code Execution","http://isc.sans.org/diary.html?storyid=6733, http://www.csis.dk/dk/nyheder/nyheder.asp?tekstID=799, http://www.iss.net/threats/329.html, https://exploit-db.com/exploits/16615, https://exploit-db.com/exploits/9108"
"20090811","CVE-2008-0015","973815","Vulnerabilities in Microsoft Active Template Library (ATL) Could Allow Remote Code Execution","Microsoft Windows Server 2003 for Itanium-based Systems Service Pack 2","Microsoft MSWebDVD ActiveX Control","Critical","Remote Code Execution","http://isc.sans.org/diary.html?storyid=6733, http://www.csis.dk/dk/nyheder/nyheder.asp?tekstID=799, http://www.iss.net/threats/329.html, https://exploit-db.com/exploits/16615, https://exploit-db.com/exploits/9108"
"20090811","CVE-2008-0015","973869","Vulnerabilities in Microsoft Active Template Library (ATL) Could Allow Remote Code Execution","Microsoft Windows Server 2003 x64 Edition Service Pack 2","DHTML Editing Component ActiveX Control","Critical","Remote Code Execution","http://isc.sans.org/diary.html?storyid=6733, http://www.csis.dk/dk/nyheder/nyheder.asp?tekstID=799, http://www.iss.net/threats/329.html, https://exploit-db.com/exploits/16615, https://exploit-db.com/exploits/9108"
"20090811","CVE-2008-0015","973869","Vulnerabilities in Microsoft Active Template Library (ATL) Could Allow Remote Code Execution","Microsoft Windows Server 2003 for Itanium-based Systems Service Pack 2","DHTML Editing Component ActiveX Control","Critical","Remote Code Execution","http://isc.sans.org/diary.html?storyid=6733, http://www.csis.dk/dk/nyheder/nyheder.asp?tekstID=799, http://www.iss.net/threats/329.html, https://exploit-db.com/exploits/16615, https://exploit-db.com/exploits/9108"
"20090811","CVE-2008-0015","973540","Vulnerabilities in Microsoft Active Template Library (ATL) Could Allow Remote Code Execution","Microsoft Windows Server 2003 x64 Edition Service Pack 2","Windows Media Player 10","Critical","Remote Code Execution","http://isc.sans.org/diary.html?storyid=6733, http://www.csis.dk/dk/nyheder/nyheder.asp?tekstID=799, http://www.iss.net/threats/329.html, https://exploit-db.com/exploits/16615, https://exploit-db.com/exploits/9108"
"20110712","CVE-2011-1281","2507938","Vulnerabilities in Windows Client/Server Run-time Subsystem Could Allow Elevation of Privilege","Microsoft Windows Server 2003 x64 Edition Service Pack 2","","Important","Elevation of Privilege",""
"20110712","CVE-2011-1281","2507938","Vulnerabilities in Windows Client/Server Run-time Subsystem Could Allow Elevation of Privilege","Microsoft Windows Server 2003 for Itanium-based Systems Service Pack 2","","Important","Elevation of Privilege",""
"20140909","CVE-2014-4072","2972214","Vulnerability in .NET Framework Could Allow Denial of Service","Microsoft Windows Server 2003 for Itanium-based Systems Service Pack 2","Microsoft .NET Framework 2.0 Service Pack 2","Important","Denial of Service",""
"20140909","CVE-2014-4072","2973115","Vulnerability in .NET Framework Could Allow Denial of Service","Microsoft Windows Server 2003 x64 Edition Service Pack 2","Microsoft .NET Framework 3.0 Service Pack 2","Important","Denial of Service",""
"20140909","CVE-2014-4072","2972215","Vulnerability in .NET Framework Could Allow Denial of Service","Microsoft Windows Server 2003 x64 Edition Service Pack 2","Microsoft .NET Framework 4","Important","Denial of Service",""
"20140909","CVE-2014-4072","2972215","Vulnerability in .NET Framework Could Allow Denial of Service","Microsoft Windows Server 2003 for Itanium-based Systems Service Pack 2","Microsoft .NET Framework 4","Important","Denial of Service",""
"20140909","CVE-2014-4072","2972214","Vulnerability in .NET Framework Could Allow Denial of Service","Microsoft Windows Server 2003 x64 Edition Service Pack 2","Microsoft .NET Framework 2.0 Service Pack 2","Important","Denial of Service",""
"20090811","CVE-2009-2493","973507","Vulnerabilities in Microsoft Active Template Library (ATL) Could Allow Remote Code Execution","Microsoft Windows Server 2003 x64 Edition Service Pack 2","Windows ATL Component","Critical","Remote Code Execution",""
"20090811","CVE-2009-2493","973507","Vulnerabilities in Microsoft Active Template Library (ATL) Could Allow Remote Code Execution","Microsoft Windows Server 2003 for Itanium-based Systems Service Pack 2","Windows ATL Component","Critical","Remote Code Execution",""
"20090811","CVE-2009-2493","973815","Vulnerabilities in Microsoft Active Template Library (ATL) Could Allow Remote Code Execution","Microsoft Windows Server 2003 x64 Edition Service Pack 2","Microsoft MSWebDVD ActiveX Control","Critical","Remote Code Execution",""
"20090811","CVE-2009-2493","973815","Vulnerabilities in Microsoft Active Template Library (ATL) Could Allow Remote Code Execution","Microsoft Windows Server 2003 for Itanium-based Systems Service Pack 2","Microsoft MSWebDVD ActiveX Control","Critical","Remote Code Execution",""
"20090811","CVE-2009-2493","973869","Vulnerabilities in Microsoft Active Template Library (ATL) Could Allow Remote Code Execution","Microsoft Windows Server 2003 x64 Edition Service Pack 2","DHTML Editing Component ActiveX Control","Critical","Remote Code Execution",""
"20090811","CVE-2009-2493","973869","Vulnerabilities in Microsoft Active Template Library (ATL) Could Allow Remote Code Execution","Microsoft Windows Server 2003 for Itanium-based Systems Service Pack 2","DHTML Editing Component ActiveX Control","Critical","Remote Code Execution",""
"20090811","CVE-2009-2493","973540","Vulnerabilities in Microsoft Active Template Library (ATL) Could Allow Remote Code Execution","Microsoft Windows Server 2003 x64 Edition Service Pack 2","Windows Media Player 10","Critical","Remote Code Execution",""
"20140812","CVE-2014-4052","2976627","Cumulative Security Update for Internet Explorer","Microsoft Windows Server 2003 x64 Edition Service Pack 2","Microsoft Internet Explorer 6.0","Critical","Remote Code Execution",""
"20140812","CVE-2014-4052","2976627","Cumulative Security Update for Internet Explorer","Microsoft Windows Server 2003 for Itanium-based Systems Service Pack 2","Microsoft Internet Explorer 6.0","Critical","Remote Code Execution",""
"20140812","CVE-2014-4052","2976627","Cumulative Security Update for Internet Explorer","Microsoft Windows Server 2003 x64 Edition Service Pack 2","Windows Internet Explorer 7","Critical","Remote Code Execution",""
"20140812","CVE-2014-4052","2976627","Cumulative Security Update for Internet Explorer","Microsoft Windows Server 2003 for Itanium-based Systems Service Pack 2","Windows Internet Explorer 7","Critical","Remote Code Execution",""
"20140812","CVE-2014-4052","2976627","Cumulative Security Update for Internet Explorer","Microsoft Windows Server 2003 x64 Edition Service Pack 2","Windows Internet Explorer 8","Critical","Remote Code Execution",""
"20091013","CVE-2009-2507","969059","Vulnerability in Indexing Service Could Allow Remote Code Execution","Microsoft Windows Server 2003 x64 Edition Service Pack 2","","Important","Remote Code Execution",""
"20091013","CVE-2009-2507","969059","Vulnerability in Indexing Service Could Allow Remote Code Execution","Microsoft Windows Server 2003 for Itanium-based Systems Service Pack 2","","Important","Remote Code Execution",""
"20150310","CVE-2015-0081","3039066","Vulnerabilities in Microsoft Windows Could Allow Remote Code Execution","Microsoft Windows Server 2003 x64 Edition Service Pack 2","","Critical","Remote Code Execution","https://exploit-db.com/exploits/36336"
"20150310","CVE-2015-0081","3039066","Vulnerabilities in Microsoft Windows Could Allow Remote Code Execution","Microsoft Windows Server 2003 for Itanium-based Systems Service Pack 2","","Critical","Remote Code Execution","https://exploit-db.com/exploits/36336"
"20150310","CVE-2015-0081","3033889","Vulnerabilities in Microsoft Windows Could Allow Remote Code Execution","Microsoft Windows Server 2003 for Itanium-based Systems Service Pack 2","","Critical","Remote Code Execution","https://exploit-db.com/exploits/36336"
"20150310","CVE-2015-0081","3033889","Vulnerabilities in Microsoft Windows Could Allow Remote Code Execution","Microsoft Windows Server 2003 x64 Edition Service Pack 2","","Critical","Remote Code Execution","https://exploit-db.com/exploits/36336"
"20140610","CVE-2014-2754","2957689","Cumulative Security Update for Internet Explorer","Microsoft Windows Server 2003 x64 Edition Service Pack 2","Windows Internet Explorer 7","Critical","Remote Code Execution","https://exploit-db.com/exploits/34010"
"20140610","CVE-2014-2754","2957689","Cumulative Security Update for Internet Explorer","Microsoft Windows Server 2003 for Itanium-based Systems Service Pack 2","Windows Internet Explorer 7","Critical","Remote Code Execution","https://exploit-db.com/exploits/34010"
"20140610","CVE-2014-2754","2957689","Cumulative Security Update for Internet Explorer","Microsoft Windows Server 2003 x64 Edition Service Pack 2","Windows Internet Explorer 8","Critical","Remote Code Execution","https://exploit-db.com/exploits/34010"
"20140610","CVE-2014-2754","2957689","Cumulative Security Update for Internet Explorer","Microsoft Windows Server 2003 x64 Edition Service Pack 2","Microsoft Internet Explorer 6.0","Critical","Remote Code Execution","https://exploit-db.com/exploits/34010"
"20140610","CVE-2014-2754","2957689","Cumulative Security Update for Internet Explorer","Microsoft Windows Server 2003 for Itanium-based Systems Service Pack 2","Microsoft Internet Explorer 6.0","Critical","Remote Code Execution","https://exploit-db.com/exploits/34010"
"20150512","CVE-2015-1680","3045171","Vulnerabilities in Windows Kernel-Mode Drivers Could Allow Elevation of Privilege","Microsoft Windows Server 2003 x64 Edition Service Pack 2","","Important","Elevation of Privilege","https://exploit-db.com/exploits/37049"
"20150512","CVE-2015-1680","3045171","Vulnerabilities in Windows Kernel-Mode Drivers Could Allow Elevation of Privilege","Microsoft Windows Server 2003 for Itanium-based Systems Service Pack 2","","Important","Elevation of Privilege","https://exploit-db.com/exploits/37049"
"20130108","CVE-2013-0003","2742596","Vulnerabilities in .NET Framework Could Allow Elevation of Privilege","Microsoft Windows Server 2003 for Itanium-based Systems Service Pack 2","Microsoft .NET Framework 2.0 Service Pack 2","Important","Elevation of Privilege",""
"20130108","CVE-2013-0003","2742596","Vulnerabilities in .NET Framework Could Allow Elevation of Privilege","Microsoft Windows Server 2003 x64 Edition Service Pack 2","Microsoft .NET Framework 2.0 Service Pack 2","Important","Elevation of Privilege",""
"20130108","CVE-2013-0003","2742595","Vulnerabilities in .NET Framework Could Allow Elevation of Privilege","Microsoft Windows Server 2003 for Itanium-based Systems Service Pack 2","Microsoft .NET Framework 4","Important","Elevation of Privilege",""
"20130108","CVE-2013-0003","2742595","Vulnerabilities in .NET Framework Could Allow Elevation of Privilege","Microsoft Windows Server 2003 x64 Edition Service Pack 2","Microsoft .NET Framework 4","Important","Elevation of Privilege",""
"20130108","CVE-2013-0003","2756918","Vulnerabilities in .NET Framework Could Allow Elevation of Privilege","Microsoft Windows Server 2003 x64 Edition Service Pack 2","Microsoft .NET Framework 3.0 Service Pack 2","Important","Elevation of Privilege",""
"20140610","CVE-2014-1764","2957689","Cumulative Security Update for Internet Explorer","Microsoft Windows Server 2003 x64 Edition Service Pack 2","Windows Internet Explorer 7","Critical","Remote Code Execution","https://exploit-db.com/exploits/34010"
"20140610","CVE-2014-1764","2957689","Cumulative Security Update for Internet Explorer","Microsoft Windows Server 2003 for Itanium-based Systems Service Pack 2","Windows Internet Explorer 7","Critical","Remote Code Execution","https://exploit-db.com/exploits/34010"
"20140610","CVE-2014-1764","2957689","Cumulative Security Update for Internet Explorer","Microsoft Windows Server 2003 x64 Edition Service Pack 2","Windows Internet Explorer 8","Critical","Remote Code Execution","https://exploit-db.com/exploits/34010"
"20140610","CVE-2014-1764","2957689","Cumulative Security Update for Internet Explorer","Microsoft Windows Server 2003 x64 Edition Service Pack 2","Microsoft Internet Explorer 6.0","Critical","Remote Code Execution","https://exploit-db.com/exploits/34010"
"20140610","CVE-2014-1764","2957689","Cumulative Security Update for Internet Explorer","Microsoft Windows Server 2003 for Itanium-based Systems Service Pack 2","Microsoft Internet Explorer 6.0","Critical","Remote Code Execution","https://exploit-db.com/exploits/34010"
"20150714","CVE-2015-2425","3065822","Security Update for Internet Explorer","Microsoft Windows Server 2003 x64 Edition Service Pack 2","Microsoft Internet Explorer 6.0","Critical","Remote Code Execution",""
"20150714","CVE-2015-2425","3065822","Security Update for Internet Explorer","Microsoft Windows Server 2003 for Itanium-based Systems Service Pack 2","Microsoft Internet Explorer 6.0","Critical","Remote Code Execution",""
"20150714","CVE-2015-2425","3065822","Security Update for Internet Explorer","Microsoft Windows Server 2003 x64 Edition Service Pack 2","Windows Internet Explorer 7","Critical","Remote Code Execution",""
"20150714","CVE-2015-2425","3065822","Security Update for Internet Explorer","Microsoft Windows Server 2003 for Itanium-based Systems Service Pack 2","Windows Internet Explorer 7","Critical","Remote Code Execution",""
"20150714","CVE-2015-2425","3065822","Security Update for Internet Explorer","Microsoft Windows Server 2003 x64 Edition Service Pack 2","Windows Internet Explorer 8","Critical","Remote Code Execution",""
"20140610","CVE-2014-2753","2957689","Cumulative Security Update for Internet Explorer","Microsoft Windows Server 2003 x64 Edition Service Pack 2","Windows Internet Explorer 7","Critical","Remote Code Execution","https://exploit-db.com/exploits/34010"
"20140610","CVE-2014-2753","2957689","Cumulative Security Update for Internet Explorer","Microsoft Windows Server 2003 for Itanium-based Systems Service Pack 2","Windows Internet Explorer 7","Critical","Remote Code Execution","https://exploit-db.com/exploits/34010"
"20140610","CVE-2014-2753","2957689","Cumulative Security Update for Internet Explorer","Microsoft Windows Server 2003 x64 Edition Service Pack 2","Windows Internet Explorer 8","Critical","Remote Code Execution","https://exploit-db.com/exploits/34010"
"20140610","CVE-2014-2753","2957689","Cumulative Security Update for Internet Explorer","Microsoft Windows Server 2003 x64 Edition Service Pack 2","Microsoft Internet Explorer 6.0","Critical","Remote Code Execution","https://exploit-db.com/exploits/34010"
"20140610","CVE-2014-2753","2957689","Cumulative Security Update for Internet Explorer","Microsoft Windows Server 2003 for Itanium-based Systems Service Pack 2","Microsoft Internet Explorer 6.0","Critical","Remote Code Execution","https://exploit-db.com/exploits/34010"
"20130108","CVE-2013-0004","2742596","Vulnerabilities in .NET Framework Could Allow Elevation of Privilege","Microsoft Windows Server 2003 for Itanium-based Systems Service Pack 2","Microsoft .NET Framework 2.0 Service Pack 2","Important","Elevation of Privilege",""
"20130108","CVE-2013-0004","2742596","Vulnerabilities in .NET Framework Could Allow Elevation of Privilege","Microsoft Windows Server 2003 x64 Edition Service Pack 2","Microsoft .NET Framework 2.0 Service Pack 2","Important","Elevation of Privilege",""
"20130108","CVE-2013-0004","2742595","Vulnerabilities in .NET Framework Could Allow Elevation of Privilege","Microsoft Windows Server 2003 for Itanium-based Systems Service Pack 2","Microsoft .NET Framework 4","Important","Elevation of Privilege",""
"20130108","CVE-2013-0004","2742595","Vulnerabilities in .NET Framework Could Allow Elevation of Privilege","Microsoft Windows Server 2003 x64 Edition Service Pack 2","Microsoft .NET Framework 4","Important","Elevation of Privilege",""
"20130108","CVE-2013-0004","2756918","Vulnerabilities in .NET Framework Could Allow Elevation of Privilege","Microsoft Windows Server 2003 x64 Edition Service Pack 2","Microsoft .NET Framework 3.0 Service Pack 2","Important","Elevation of Privilege",""
"20110712","CVE-2011-1870","2507938","Vulnerabilities in Windows Client/Server Run-time Subsystem Could Allow Elevation of Privilege","Microsoft Windows Server 2003 x64 Edition Service Pack 2","","Important","Elevation of Privilege",""
"20110712","CVE-2011-1870","2507938","Vulnerabilities in Windows Client/Server Run-time Subsystem Could Allow Elevation of Privilege","Microsoft Windows Server 2003 for Itanium-based Systems Service Pack 2","","Important","Elevation of Privilege",""
"20140610","CVE-2014-2768","2957689","Cumulative Security Update for Internet Explorer","Microsoft Windows Server 2003 x64 Edition Service Pack 2","Windows Internet Explorer 7","Critical","Remote Code Execution","https://exploit-db.com/exploits/34010"
"20140610","CVE-2014-2768","2957689","Cumulative Security Update for Internet Explorer","Microsoft Windows Server 2003 for Itanium-based Systems Service Pack 2","Windows Internet Explorer 7","Critical","Remote Code Execution","https://exploit-db.com/exploits/34010"
"20140610","CVE-2014-2768","2957689","Cumulative Security Update for Internet Explorer","Microsoft Windows Server 2003 x64 Edition Service Pack 2","Windows Internet Explorer 8","Critical","Remote Code Execution","https://exploit-db.com/exploits/34010"
"20140610","CVE-2014-2768","2957689","Cumulative Security Update for Internet Explorer","Microsoft Windows Server 2003 x64 Edition Service Pack 2","Microsoft Internet Explorer 6.0","Critical","Remote Code Execution","https://exploit-db.com/exploits/34010"
"20140610","CVE-2014-2768","2957689","Cumulative Security Update for Internet Explorer","Microsoft Windows Server 2003 for Itanium-based Systems Service Pack 2","Microsoft Internet Explorer 6.0","Critical","Remote Code Execution","https://exploit-db.com/exploits/34010"
"20100914","CVE-2010-2730","2124261","Vulnerabilities in Microsoft Internet Information Services (IIS) Could Allow Remote Code Execution","Microsoft Windows Server 2003 x64 Edition Service Pack 2","Microsoft Internet Information Services 6.0","Important","Remote Code Execution",""
"20100914","CVE-2010-2730","2124261","Vulnerabilities in Microsoft Internet Information Services (IIS) Could Allow Remote Code Execution","Microsoft Windows Server 2003 for Itanium-based Systems Service Pack 2","Microsoft Internet Information Services 6.0","Important","Remote Code Execution",""
"20150714","CVE-2015-2414","3065822","Security Update for Internet Explorer","Microsoft Windows Server 2003 x64 Edition Service Pack 2","Microsoft Internet Explorer 6.0","Critical","Remote Code Execution",""
"20150714","CVE-2015-2414","3065822","Security Update for Internet Explorer","Microsoft Windows Server 2003 for Itanium-based Systems Service Pack 2","Microsoft Internet Explorer 6.0","Critical","Remote Code Execution",""
"20150714","CVE-2015-2414","3065822","Security Update for Internet Explorer","Microsoft Windows Server 2003 x64 Edition Service Pack 2","Windows Internet Explorer 7","Critical","Remote Code Execution",""
"20150714","CVE-2015-2414","3065822","Security Update for Internet Explorer","Microsoft Windows Server 2003 for Itanium-based Systems Service Pack 2","Windows Internet Explorer 7","Critical","Remote Code Execution",""
"20150714","CVE-2015-2414","3065822","Security Update for Internet Explorer","Microsoft Windows Server 2003 x64 Edition Service Pack 2","Windows Internet Explorer 8","Critical","Remote Code Execution",""
"20150714","CVE-2015-2381","3070102","Vulnerabilities in Windows Kernel-Mode Driver Could Allow Elevation of Privilege","Microsoft Windows Server 2003 x64 Edition Service Pack 2","","Important","Elevation of Privilege",""
"20150714","CVE-2015-2381","3070102","Vulnerabilities in Windows Kernel-Mode Driver Could Allow Elevation of Privilege","Microsoft Windows Server 2003 for Itanium-based Systems Service Pack 2","","Important","Elevation of Privilege",""
"20130709","CVE-2013-3127","2834902","Vulnerability in Windows Media Format Runtime Could Allow Remote Code Execution","Microsoft Windows Server 2003 x64 Edition Service Pack 2","Windows Media Format Runtime 9.5 x64","Critical","Remote Code Execution",""
"20130709","CVE-2013-3127","2845142","Vulnerability in Windows Media Format Runtime Could Allow Remote Code Execution","Microsoft Windows Server 2003 x64 Edition Service Pack 2","wmv9vcm.dll","Critical","Remote Code Execution",""
"20130709","CVE-2013-3127","2834904","Vulnerability in Windows Media Format Runtime Could Allow Remote Code Execution","Microsoft Windows Server 2003 x64 Edition Service Pack 2","Windows Media Format Runtime 11","Critical","Remote Code Execution",""
"20130709","CVE-2013-3127","2803821","Vulnerability in Windows Media Format Runtime Could Allow Remote Code Execution","Microsoft Windows Server 2003 x64 Edition Service Pack 2","Windows Media Format Runtime 9.5","Critical","Remote Code Execution",""
"20091013","CVE-2009-2510","974571","Vulnerabilities in Windows CryptoAPI Could Allow Spoofing","Microsoft Windows Server 2003 x64 Edition Service Pack 2","","Important","Spoofing",""
"20091013","CVE-2009-2510","974571","Vulnerabilities in Windows CryptoAPI Could Allow Spoofing","Microsoft Windows Server 2003 for Itanium-based Systems Service Pack 2","","Important","Spoofing",""
"20100713","CVE-2010-1885","2229593","Vulnerability in Help and Support Center Could Allow Remote Code Execution","Microsoft Windows Server 2003 x64 Edition Service Pack 2","","Critical","Remote Code Execution","http://archives.neohapsis.com/archives/fulldisclosure/2010-06/0197.html, http://www.securityfocus.com/bid/40725, https://exploit-db.com/exploits/16545, https://exploit-db.com/exploits/13808"
"20100713","CVE-2010-1885","2229593","Vulnerability in Help and Support Center Could Allow Remote Code Execution","Microsoft Windows Server 2003 for Itanium-based Systems Service Pack 2","","Critical","Remote Code Execution","http://archives.neohapsis.com/archives/fulldisclosure/2010-06/0197.html, http://www.securityfocus.com/bid/40725, https://exploit-db.com/exploits/16545, https://exploit-db.com/exploits/13808"
"20110412","CVE-2011-0661","2508429","Vulnerability in SMB Server Could Allow Remote Code Execution","Microsoft Windows Server 2003 x64 Edition Service Pack 2","","Critical","Remote Code Execution",""
"20110412","CVE-2011-0661","2508429","Vulnerability in SMB Server Could Allow Remote Code Execution","Microsoft Windows Server 2003 for Itanium-based Systems Service Pack 2","","Critical","Remote Code Execution",""
"20150714","CVE-2015-2408","3065822","Security Update for Internet Explorer","Microsoft Windows Server 2003 x64 Edition Service Pack 2","Microsoft Internet Explorer 6.0","Critical","Remote Code Execution",""
"20150714","CVE-2015-2408","3065822","Security Update for Internet Explorer","Microsoft Windows Server 2003 for Itanium-based Systems Service Pack 2","Microsoft Internet Explorer 6.0","Critical","Remote Code Execution",""
"20150714","CVE-2015-2408","3065822","Security Update for Internet Explorer","Microsoft Windows Server 2003 x64 Edition Service Pack 2","Windows Internet Explorer 7","Critical","Remote Code Execution",""
"20150714","CVE-2015-2408","3065822","Security Update for Internet Explorer","Microsoft Windows Server 2003 for Itanium-based Systems Service Pack 2","Windows Internet Explorer 7","Critical","Remote Code Execution",""
"20150714","CVE-2015-2408","3065822","Security Update for Internet Explorer","Microsoft Windows Server 2003 x64 Edition Service Pack 2","Windows Internet Explorer 8","Critical","Remote Code Execution",""
"20091208","CVE-2009-2509","971726","Vulnerabilities in Active Directory Federation Services Could Allow Remote Code Execution","Microsoft Windows Server 2003 x64 Edition Service Pack 2","","Important","Remote Code Execution",""
"20120508","CVE-2012-1848","2676562","Combined Security Update for Microsoft Office, Windows, .NET Framework, and Silverlight","Microsoft Windows Server 2003 for Itanium-based Systems Service Pack 2","","Critical","Remote Code Execution",""
"20120508","CVE-2012-1848","2676562","Combined Security Update for Microsoft Office, Windows, .NET Framework, and Silverlight","Microsoft Windows Server 2003 x64 Edition Service Pack 2","","Critical","Remote Code Execution",""
"20120508","CVE-2012-1848","2659262","Combined Security Update for Microsoft Office, Windows, .NET Framework, and Silverlight","Microsoft Windows Server 2003 for Itanium-based Systems Service Pack 2","","Critical","Remote Code Execution",""
"20120508","CVE-2012-1848","2659262","Combined Security Update for Microsoft Office, Windows, .NET Framework, and Silverlight","Microsoft Windows Server 2003 x64 Edition Service Pack 2","","Critical","Remote Code Execution",""
"20120508","CVE-2012-1848","2686509","Combined Security Update for Microsoft Office, Windows, .NET Framework, and Silverlight","Microsoft Windows Server 2003 for Itanium-based Systems Service Pack 2","","Critical","Remote Code Execution",""
"20120508","CVE-2012-1848","2686509","Combined Security Update for Microsoft Office, Windows, .NET Framework, and Silverlight","Microsoft Windows Server 2003 x64 Edition Service Pack 2","","Critical","Remote Code Execution",""
"20090210","CVE-2008-5416","960082","Vulnerability in Microsoft SQL Server Could Allow Remote Code Execution","Microsoft Windows Server 2003 x64 Edition","Microsoft SQL Server 2000 Desktop Engine (MSDE)","Important","Remote Code Execution","http://www.sec-consult.com/files/20081209_mssql-2000-sp_replwritetovarbin_memwrite.txt, http://www.securityfocus.com/bid/32710, https://exploit-db.com/exploits/7501, https://exploit-db.com/exploits/16392, https://exploit-db.com/exploits/16396"
"20090210","CVE-2008-5416","960082","Vulnerability in Microsoft SQL Server Could Allow Remote Code Execution","Microsoft Windows Server 2003 x64 Edition Service Pack 2","Microsoft SQL Server 2000 Desktop Engine (MSDE)","Important","Remote Code Execution","http://www.sec-consult.com/files/20081209_mssql-2000-sp_replwritetovarbin_memwrite.txt, http://www.securityfocus.com/bid/32710, https://exploit-db.com/exploits/7501, https://exploit-db.com/exploits/16392, https://exploit-db.com/exploits/16396"
"20090210","CVE-2008-5416","960089","Vulnerability in Microsoft SQL Server Could Allow Remote Code Execution","Microsoft Windows Server 2003 x64 Edition","Windows Internal Database (WYukon) x64 SP2","Important","Remote Code Execution","http://www.sec-consult.com/files/20081209_mssql-2000-sp_replwritetovarbin_memwrite.txt, http://www.securityfocus.com/bid/32710, https://exploit-db.com/exploits/7501, https://exploit-db.com/exploits/16392, https://exploit-db.com/exploits/16396"
"20090210","CVE-2008-5416","960089","Vulnerability in Microsoft SQL Server Could Allow Remote Code Execution","Microsoft Windows Server 2003 x64 Edition Service Pack 2","Windows Internal Database (WYukon) x64 SP2","Important","Remote Code Execution","http://www.sec-consult.com/files/20081209_mssql-2000-sp_replwritetovarbin_memwrite.txt, http://www.securityfocus.com/bid/32710, https://exploit-db.com/exploits/7501, https://exploit-db.com/exploits/16392, https://exploit-db.com/exploits/16396"
"20140610","CVE-2014-2767","2957689","Cumulative Security Update for Internet Explorer","Microsoft Windows Server 2003 x64 Edition Service Pack 2","Windows Internet Explorer 7","Critical","Remote Code Execution","https://exploit-db.com/exploits/34010"
"20140610","CVE-2014-2767","2957689","Cumulative Security Update for Internet Explorer","Microsoft Windows Server 2003 for Itanium-based Systems Service Pack 2","Windows Internet Explorer 7","Critical","Remote Code Execution","https://exploit-db.com/exploits/34010"
"20140610","CVE-2014-2767","2957689","Cumulative Security Update for Internet Explorer","Microsoft Windows Server 2003 x64 Edition Service Pack 2","Windows Internet Explorer 8","Critical","Remote Code Execution","https://exploit-db.com/exploits/34010"
"20140610","CVE-2014-2767","2957689","Cumulative Security Update for Internet Explorer","Microsoft Windows Server 2003 x64 Edition Service Pack 2","Microsoft Internet Explorer 6.0","Critical","Remote Code Execution","https://exploit-db.com/exploits/34010"
"20140610","CVE-2014-2767","2957689","Cumulative Security Update for Internet Explorer","Microsoft Windows Server 2003 for Itanium-based Systems Service Pack 2","Microsoft Internet Explorer 6.0","Critical","Remote Code Execution","https://exploit-db.com/exploits/34010"
"20140812","CVE-2014-0318","2993651","Vulnerabilities in Kernel-Mode Drivers Could Allow Elevation of Privilege","Microsoft Windows Server 2003 x64 Edition Service Pack 2","","Important","Elevation of Privilege",""
"20140812","CVE-2014-0318","2993651","Vulnerabilities in Kernel-Mode Drivers Could Allow Elevation of Privilege","Microsoft Windows Server 2003 for Itanium-based Systems Service Pack 2","","Important","Elevation of Privilege",""
"20150714","CVE-2015-2412","3065822","Security Update for Internet Explorer","Microsoft Windows Server 2003 x64 Edition Service Pack 2","Microsoft Internet Explorer 6.0","Critical","Remote Code Execution",""
"20150714","CVE-2015-2412","3065822","Security Update for Internet Explorer","Microsoft Windows Server 2003 for Itanium-based Systems Service Pack 2","Microsoft Internet Explorer 6.0","Critical","Remote Code Execution",""
"20150714","CVE-2015-2412","3065822","Security Update for Internet Explorer","Microsoft Windows Server 2003 x64 Edition Service Pack 2","Windows Internet Explorer 7","Critical","Remote Code Execution",""
"20150714","CVE-2015-2412","3065822","Security Update for Internet Explorer","Microsoft Windows Server 2003 for Itanium-based Systems Service Pack 2","Windows Internet Explorer 7","Critical","Remote Code Execution",""
"20150714","CVE-2015-2412","3065822","Security Update for Internet Explorer","Microsoft Windows Server 2003 x64 Edition Service Pack 2","Windows Internet Explorer 8","Critical","Remote Code Execution",""
"20130108","CVE-2013-0005","2736416","Vulnerability in Open Data Protocol Could Allow Denial of Service","Microsoft Windows Server 2003 for Itanium-based Systems Service Pack 2","Microsoft .NET Framework 3.5 Service Pack 1","Important","Denial of Service",""
"20130108","CVE-2013-0005","2736416","Vulnerability in Open Data Protocol Could Allow Denial of Service","Microsoft Windows Server 2003 x64 Edition Service Pack 2","Microsoft .NET Framework 3.5 Service Pack 1","Important","Denial of Service",""
"20130108","CVE-2013-0005","2736428","Vulnerability in Open Data Protocol Could Allow Denial of Service","Microsoft Windows Server 2003 for Itanium-based Systems Service Pack 2","Microsoft .NET Framework 4","Important","Denial of Service",""
"20130108","CVE-2013-0005","2736428","Vulnerability in Open Data Protocol Could Allow Denial of Service","Microsoft Windows Server 2003 x64 Edition Service Pack 2","Microsoft .NET Framework 4","Important","Denial of Service",""
"20150714","CVE-2015-2416","3072633","Vulnerabilities in OLE Could Allow Elevation of Privilege","Microsoft Windows Server 2003 x64 Edition Service Pack 2","","Important","Elevation of Privilege",""
"20150714","CVE-2015-2416","3072633","Vulnerabilities in OLE Could Allow Elevation of Privilege","Microsoft Windows Server 2003 for Itanium-based Systems Service Pack 2","","Important","Elevation of Privilege",""
"20150714","CVE-2015-2374","3068457","Vulnerability in Netlogon Could Allow Elevation of Privilege","Microsoft Windows Server 2003 x64 Edition Service Pack 2","","Important","Elevation of Privilege",""
"20150714","CVE-2015-2374","3068457","Vulnerability in Netlogon Could Allow Elevation of Privilege","Microsoft Windows Server 2003 for Itanium-based Systems Service Pack 2","","Important","Elevation of Privilege",""
"20141014","CVE-2014-4122","2979575","Vulnerabilities in .NET Framework Could Allow Remote Code Execution","Microsoft Windows Server 2003 x64 Edition Service Pack 2","Microsoft .NET Framework 4","Critical","Remote Code Execution",""
"20141014","CVE-2014-4122","2979575","Vulnerabilities in .NET Framework Could Allow Remote Code Execution","Microsoft Windows Server 2003 for Itanium-based Systems Service Pack 2","Microsoft .NET Framework 4","Critical","Remote Code Execution",""
"20141014","CVE-2014-4122","2979574","Vulnerabilities in .NET Framework Could Allow Remote Code Execution","Microsoft Windows Server 2003 x64 Edition Service Pack 2","Microsoft .NET Framework 2.0 Service Pack 2","Critical","Remote Code Execution",""
"20141014","CVE-2014-4122","2979574","Vulnerabilities in .NET Framework Could Allow Remote Code Execution","Microsoft Windows Server 2003 for Itanium-based Systems Service Pack 2","Microsoft .NET Framework 2.0 Service Pack 2","Critical","Remote Code Execution",""
"20141014","CVE-2014-4122","2972105","Vulnerabilities in .NET Framework Could Allow Remote Code Execution","Microsoft Windows Server 2003 x64 Edition Service Pack 2","Microsoft .NET Framework 2.0 Service Pack 2","Critical","Remote Code Execution",""
"20141014","CVE-2014-4122","2972105","Vulnerabilities in .NET Framework Could Allow Remote Code Execution","Microsoft Windows Server 2003 for Itanium-based Systems Service Pack 2","Microsoft .NET Framework 2.0 Service Pack 2","Critical","Remote Code Execution",""
"20141014","CVE-2014-4122","2972106","Vulnerabilities in .NET Framework Could Allow Remote Code Execution","Microsoft Windows Server 2003 x64 Edition Service Pack 2","Microsoft .NET Framework 4","Critical","Remote Code Execution",""
"20141014","CVE-2014-4122","2972106","Vulnerabilities in .NET Framework Could Allow Remote Code Execution","Microsoft Windows Server 2003 for Itanium-based Systems Service Pack 2","Microsoft .NET Framework 4","Critical","Remote Code Execution",""
"20091208","CVE-2009-2506","973904","Vulnerability in WordPad and Office Text Converters Could Allow Remote Code Execution","Microsoft Windows Server 2003 x64 Edition Service Pack 2","","Important","Remote Code Execution",""
"20091208","CVE-2009-2506","973904","Vulnerability in WordPad and Office Text Converters Could Allow Remote Code Execution","Microsoft Windows Server 2003 for Itanium-based Systems Service Pack 2","","Important","Remote Code Execution",""
"20140610","CVE-2014-1802","2957689","Cumulative Security Update for Internet Explorer","Microsoft Windows Server 2003 x64 Edition Service Pack 2","Windows Internet Explorer 7","Critical","Remote Code Execution","https://exploit-db.com/exploits/34010"
"20140610","CVE-2014-1802","2957689","Cumulative Security Update for Internet Explorer","Microsoft Windows Server 2003 for Itanium-based Systems Service Pack 2","Windows Internet Explorer 7","Critical","Remote Code Execution","https://exploit-db.com/exploits/34010"
"20140610","CVE-2014-1802","2957689","Cumulative Security Update for Internet Explorer","Microsoft Windows Server 2003 x64 Edition Service Pack 2","Windows Internet Explorer 8","Critical","Remote Code Execution","https://exploit-db.com/exploits/34010"
"20140610","CVE-2014-1802","2957689","Cumulative Security Update for Internet Explorer","Microsoft Windows Server 2003 x64 Edition Service Pack 2","Microsoft Internet Explorer 6.0","Critical","Remote Code Execution","https://exploit-db.com/exploits/34010"
"20140610","CVE-2014-1802","2957689","Cumulative Security Update for Internet Explorer","Microsoft Windows Server 2003 for Itanium-based Systems Service Pack 2","Microsoft Internet Explorer 6.0","Critical","Remote Code Execution","https://exploit-db.com/exploits/34010"
"20140610","CVE-2014-1779","2957689","Cumulative Security Update for Internet Explorer","Microsoft Windows Server 2003 x64 Edition Service Pack 2","Windows Internet Explorer 7","Critical","Remote Code Execution","https://exploit-db.com/exploits/34010"
"20140610","CVE-2014-1779","2957689","Cumulative Security Update for Internet Explorer","Microsoft Windows Server 2003 for Itanium-based Systems Service Pack 2","Windows Internet Explorer 7","Critical","Remote Code Execution","https://exploit-db.com/exploits/34010"
"20140610","CVE-2014-1779","2957689","Cumulative Security Update for Internet Explorer","Microsoft Windows Server 2003 x64 Edition Service Pack 2","Windows Internet Explorer 8","Critical","Remote Code Execution","https://exploit-db.com/exploits/34010"
"20140610","CVE-2014-1779","2957689","Cumulative Security Update for Internet Explorer","Microsoft Windows Server 2003 x64 Edition Service Pack 2","Microsoft Internet Explorer 6.0","Critical","Remote Code Execution","https://exploit-db.com/exploits/34010"
"20140610","CVE-2014-1779","2957689","Cumulative Security Update for Internet Explorer","Microsoft Windows Server 2003 for Itanium-based Systems Service Pack 2","Microsoft Internet Explorer 6.0","Critical","Remote Code Execution","https://exploit-db.com/exploits/34010"
"20120508","CVE-2012-0164","2676562","Combined Security Update for Microsoft Office, Windows, .NET Framework, and Silverlight","Microsoft Windows Server 2003 for Itanium-based Systems Service Pack 2","","Critical","Remote Code Execution",""
"20120508","CVE-2012-0164","2676562","Combined Security Update for Microsoft Office, Windows, .NET Framework, and Silverlight","Microsoft Windows Server 2003 x64 Edition Service Pack 2","","Critical","Remote Code Execution",""
"20120508","CVE-2012-0164","2659262","Combined Security Update for Microsoft Office, Windows, .NET Framework, and Silverlight","Microsoft Windows Server 2003 for Itanium-based Systems Service Pack 2","","Critical","Remote Code Execution",""
"20120508","CVE-2012-0164","2659262","Combined Security Update for Microsoft Office, Windows, .NET Framework, and Silverlight","Microsoft Windows Server 2003 x64 Edition Service Pack 2","","Critical","Remote Code Execution",""
"20120508","CVE-2012-0164","2686509","Combined Security Update for Microsoft Office, Windows, .NET Framework, and Silverlight","Microsoft Windows Server 2003 for Itanium-based Systems Service Pack 2","","Critical","Remote Code Execution",""
"20120508","CVE-2012-0164","2686509","Combined Security Update for Microsoft Office, Windows, .NET Framework, and Silverlight","Microsoft Windows Server 2003 x64 Edition Service Pack 2","","Critical","Remote Code Execution",""
"20140610","CVE-2014-2771","2957689","Cumulative Security Update for Internet Explorer","Microsoft Windows Server 2003 x64 Edition Service Pack 2","Windows Internet Explorer 7","Critical","Remote Code Execution","https://exploit-db.com/exploits/34010"
"20140610","CVE-2014-2771","2957689","Cumulative Security Update for Internet Explorer","Microsoft Windows Server 2003 for Itanium-based Systems Service Pack 2","Windows Internet Explorer 7","Critical","Remote Code Execution","https://exploit-db.com/exploits/34010"
"20140610","CVE-2014-2771","2957689","Cumulative Security Update for Internet Explorer","Microsoft Windows Server 2003 x64 Edition Service Pack 2","Windows Internet Explorer 8","Critical","Remote Code Execution","https://exploit-db.com/exploits/34010"
"20140610","CVE-2014-2771","2957689","Cumulative Security Update for Internet Explorer","Microsoft Windows Server 2003 x64 Edition Service Pack 2","Microsoft Internet Explorer 6.0","Critical","Remote Code Execution","https://exploit-db.com/exploits/34010"
"20140610","CVE-2014-2771","2957689","Cumulative Security Update for Internet Explorer","Microsoft Windows Server 2003 for Itanium-based Systems Service Pack 2","Microsoft Internet Explorer 6.0","Critical","Remote Code Execution","https://exploit-db.com/exploits/34010"
"20100914","CVE-2010-2729","2347290","Vulnerability in Print Spooler Service Could Allow Remote Code Execution","Microsoft Windows Server 2003 x64 Edition Service Pack 2","","Critical","Remote Code Execution","https://exploit-db.com/exploits/16361"
"20100914","CVE-2010-2729","2347290","Vulnerability in Print Spooler Service Could Allow Remote Code Execution","Microsoft Windows Server 2003 for Itanium-based Systems Service Pack 2","","Critical","Remote Code Execution","https://exploit-db.com/exploits/16361"
"20101214","CVE-2010-3144","2443105","Insecure Library Loading in Internet Connection Signup Wizard Could Allow Remote Code Execution","Microsoft Windows Server 2003 x64 Edition Service Pack 2","","Important","Remote Code Execution","http://www.exploit-db.com/exploits/14754/"
"20101214","CVE-2010-3144","2443105","Insecure Library Loading in Internet Connection Signup Wizard Could Allow Remote Code Execution","Microsoft Windows Server 2003 for Itanium-based Systems Service Pack 2","","Important","Remote Code Execution","http://www.exploit-db.com/exploits/14754/"
"20090908","CVE-2009-2519","956844","Vulnerability in DHTML Editing Component ActiveX Control Could Allow Remote Code Execution","Microsoft Windows Server 2003 x64 Edition Service Pack 2","","Critical","Remote Code Execution",""
"20090908","CVE-2009-2519","956844","Vulnerability in DHTML Editing Component ActiveX Control Could Allow Remote Code Execution","Microsoft Windows Server 2003 for Itanium-based Systems Service Pack 2","","Critical","Remote Code Execution",""
"20130312","CVE-2013-1285","2807986","Vulnerabilities in Kernel-Mode Drivers Could Allow Elevation Of Privilege","Microsoft Windows Server 2003 x64 Edition Service Pack 2","","Important","Elevation of Privilege",""
"20130312","CVE-2013-1285","2807986","Vulnerabilities in Kernel-Mode Drivers Could Allow Elevation Of Privilege","Microsoft Windows Server 2003 for Itanium-based Systems Service Pack 2","","Important","Elevation of Privilege",""
"20091013","CVE-2009-2524","975467","Vulnerability in Local Security Authority Subsystem Service Could Allow Denial of Service","Microsoft Windows Server 2003 x64 Edition Service Pack 2","","Important","Denial of Service",""
"20091013","CVE-2009-2524","975467","Vulnerability in Local Security Authority Subsystem Service Could Allow Denial of Service","Microsoft Windows Server 2003 for Itanium-based Systems Service Pack 2","","Important","Denial of Service",""
"20140610","CVE-2014-2769","2957689","Cumulative Security Update for Internet Explorer","Microsoft Windows Server 2003 x64 Edition Service Pack 2","Windows Internet Explorer 7","Critical","Remote Code Execution","https://exploit-db.com/exploits/34010"
"20140610","CVE-2014-2769","2957689","Cumulative Security Update for Internet Explorer","Microsoft Windows Server 2003 for Itanium-based Systems Service Pack 2","Windows Internet Explorer 7","Critical","Remote Code Execution","https://exploit-db.com/exploits/34010"
"20140610","CVE-2014-2769","2957689","Cumulative Security Update for Internet Explorer","Microsoft Windows Server 2003 x64 Edition Service Pack 2","Windows Internet Explorer 8","Critical","Remote Code Execution","https://exploit-db.com/exploits/34010"
"20140610","CVE-2014-2769","2957689","Cumulative Security Update for Internet Explorer","Microsoft Windows Server 2003 x64 Edition Service Pack 2","Microsoft Internet Explorer 6.0","Critical","Remote Code Execution","https://exploit-db.com/exploits/34010"
"20140610","CVE-2014-2769","2957689","Cumulative Security Update for Internet Explorer","Microsoft Windows Server 2003 for Itanium-based Systems Service Pack 2","Microsoft Internet Explorer 6.0","Critical","Remote Code Execution","https://exploit-db.com/exploits/34010"
"20120814","CVE-2012-2523","2706045","Vulnerability in JScript and VBScript Engines Could Allow Remote Code Execution","Microsoft Windows Server 2003 x64 Edition Service Pack 2","JScript 5.8","Important","Remote Code Execution",""
"20120814","CVE-2012-2523","2706045","Vulnerability in JScript and VBScript Engines Could Allow Remote Code Execution","Microsoft Windows Server 2003 x64 Edition Service Pack 2","VBScript 5.8","Important","Remote Code Execution",""
"20130409","CVE-2013-1282","2772930","Vulnerability in Active Directory Could Lead to Denial of Service","Microsoft Windows Server 2003 x64 Edition Service Pack 2","Active Directory","Important","Denial of Service",""
"20130409","CVE-2013-1282","2772930","Vulnerability in Active Directory Could Lead to Denial of Service","Microsoft Windows Server 2003 for Itanium-based Systems Service Pack 2","Active Directory","Important","Denial of Service",""
"20110614","CVE-2011-1868","2535512","Vulnerabilities in Distributed File System Could Allow Remote Code Execution","Microsoft Windows Server 2003 x64 Edition Service Pack 2","","Critical","Remote Code Execution",""
"20110614","CVE-2011-1868","2535512","Vulnerabilities in Distributed File System Could Allow Remote Code Execution","Microsoft Windows Server 2003 for Itanium-based Systems Service Pack 2","","Critical","Remote Code Execution",""
"20110111","CVE-2011-0026","2419635","Vulnerabilities in Microsoft Data Access Components Could Allow Remote Code Execution","Microsoft Windows Server 2003 x64 Edition Service Pack 2","Microsoft Data Access Components 2.8 Service Pack 2","Critical","Remote Code Execution",""
"20110111","CVE-2011-0026","2419635","Vulnerabilities in Microsoft Data Access Components Could Allow Remote Code Execution","Microsoft Windows Server 2003 for Itanium-based Systems Service Pack 2","Microsoft Data Access Components 2.8 Service Pack 2","Critical","Remote Code Execution",""
"20140610","CVE-2014-1785","2957689","Cumulative Security Update for Internet Explorer","Microsoft Windows Server 2003 x64 Edition Service Pack 2","Windows Internet Explorer 7","Critical","Remote Code Execution","https://exploit-db.com/exploits/40946, https://exploit-db.com/exploits/34010"
"20140610","CVE-2014-1785","2957689","Cumulative Security Update for Internet Explorer","Microsoft Windows Server 2003 for Itanium-based Systems Service Pack 2","Windows Internet Explorer 7","Critical","Remote Code Execution","https://exploit-db.com/exploits/40946, https://exploit-db.com/exploits/34010"
"20140610","CVE-2014-1785","2957689","Cumulative Security Update for Internet Explorer","Microsoft Windows Server 2003 x64 Edition Service Pack 2","Windows Internet Explorer 8","Critical","Remote Code Execution","https://exploit-db.com/exploits/40946, https://exploit-db.com/exploits/34010"
"20140610","CVE-2014-1785","2957689","Cumulative Security Update for Internet Explorer","Microsoft Windows Server 2003 x64 Edition Service Pack 2","Microsoft Internet Explorer 6.0","Critical","Remote Code Execution","https://exploit-db.com/exploits/40946, https://exploit-db.com/exploits/34010"
"20140610","CVE-2014-1785","2957689","Cumulative Security Update for Internet Explorer","Microsoft Windows Server 2003 for Itanium-based Systems Service Pack 2","Microsoft Internet Explorer 6.0","Critical","Remote Code Execution","https://exploit-db.com/exploits/40946, https://exploit-db.com/exploits/34010"
"20150714","CVE-2015-2411","3065822","Security Update for Internet Explorer","Microsoft Windows Server 2003 x64 Edition Service Pack 2","Microsoft Internet Explorer 6.0","Critical","Remote Code Execution",""
"20150714","CVE-2015-2411","3065822","Security Update for Internet Explorer","Microsoft Windows Server 2003 for Itanium-based Systems Service Pack 2","Microsoft Internet Explorer 6.0","Critical","Remote Code Execution",""
"20150714","CVE-2015-2411","3065822","Security Update for Internet Explorer","Microsoft Windows Server 2003 x64 Edition Service Pack 2","Windows Internet Explorer 7","Critical","Remote Code Execution",""
"20150714","CVE-2015-2411","3065822","Security Update for Internet Explorer","Microsoft Windows Server 2003 for Itanium-based Systems Service Pack 2","Windows Internet Explorer 7","Critical","Remote Code Execution",""
"20150714","CVE-2015-2411","3065822","Security Update for Internet Explorer","Microsoft Windows Server 2003 x64 Edition Service Pack 2","Windows Internet Explorer 8","Critical","Remote Code Execution",""
"20150210","CVE-2015-0003","3023562","Vulnerabilities in Windows Kernel-Mode Driver Could Allow Remote Code Execution","Microsoft Windows Server 2003 x64 Edition Service Pack 2","","Critical","Remote Code Execution","https://exploit-db.com/exploits/37098"
"20150210","CVE-2015-0003","3023562","Vulnerabilities in Windows Kernel-Mode Driver Could Allow Remote Code Execution","Microsoft Windows Server 2003 for Itanium-based Systems Service Pack 2","","Critical","Remote Code Execution","https://exploit-db.com/exploits/37098"
"20120110","CVE-2012-0003","2598479","Vulnerabilities in Windows Media Could Allow Remote Code Execution","Microsoft Windows Server 2003 for Itanium-based Systems Service Pack 2","Windows Multimedia Library","Critical","Remote Code Execution","https://exploit-db.com/exploits/18426"
"20120110","CVE-2012-0003","2631813","Vulnerabilities in Windows Media Could Allow Remote Code Execution","Microsoft Windows Server 2003 for Itanium-based Systems Service Pack 2","DirectShow","Critical","Remote Code Execution","https://exploit-db.com/exploits/18426"
"20120110","CVE-2012-0003","2598479","Vulnerabilities in Windows Media Could Allow Remote Code Execution","Microsoft Windows Server 2003 x64 Edition Service Pack 2","Windows Multimedia Library","Critical","Remote Code Execution","https://exploit-db.com/exploits/18426"
"20120110","CVE-2012-0003","2631813","Vulnerabilities in Windows Media Could Allow Remote Code Execution","Microsoft Windows Server 2003 x64 Edition Service Pack 2","DirectShow","Critical","Remote Code Execution","https://exploit-db.com/exploits/18426"
"20150714","CVE-2015-2391","3065822","Security Update for Internet Explorer","Microsoft Windows Server 2003 x64 Edition Service Pack 2","Microsoft Internet Explorer 6.0","Critical","Remote Code Execution",""
"20150714","CVE-2015-2391","3065822","Security Update for Internet Explorer","Microsoft Windows Server 2003 for Itanium-based Systems Service Pack 2","Microsoft Internet Explorer 6.0","Critical","Remote Code Execution",""
"20150714","CVE-2015-2391","3065822","Security Update for Internet Explorer","Microsoft Windows Server 2003 x64 Edition Service Pack 2","Windows Internet Explorer 7","Critical","Remote Code Execution",""
"20150714","CVE-2015-2391","3065822","Security Update for Internet Explorer","Microsoft Windows Server 2003 for Itanium-based Systems Service Pack 2","Windows Internet Explorer 7","Critical","Remote Code Execution",""
"20150714","CVE-2015-2391","3065822","Security Update for Internet Explorer","Microsoft Windows Server 2003 x64 Edition Service Pack 2","Windows Internet Explorer 8","Critical","Remote Code Execution",""
"20110712","CVE-2011-1282","2507938","Vulnerabilities in Windows Client/Server Run-time Subsystem Could Allow Elevation of Privilege","Microsoft Windows Server 2003 x64 Edition Service Pack 2","","Important","Elevation of Privilege",""
"20110712","CVE-2011-1282","2507938","Vulnerabilities in Windows Client/Server Run-time Subsystem Could Allow Elevation of Privilege","Microsoft Windows Server 2003 for Itanium-based Systems Service Pack 2","","Important","Elevation of Privilege",""
"20120508","CVE-2012-0165","2676562","Combined Security Update for Microsoft Office, Windows, .NET Framework, and Silverlight","Microsoft Windows Server 2003 for Itanium-based Systems Service Pack 2","","Critical","Remote Code Execution",""
"20120508","CVE-2012-0165","2676562","Combined Security Update for Microsoft Office, Windows, .NET Framework, and Silverlight","Microsoft Windows Server 2003 x64 Edition Service Pack 2","","Critical","Remote Code Execution",""
"20120508","CVE-2012-0165","2659262","Combined Security Update for Microsoft Office, Windows, .NET Framework, and Silverlight","Microsoft Windows Server 2003 for Itanium-based Systems Service Pack 2","","Critical","Remote Code Execution",""
"20120508","CVE-2012-0165","2659262","Combined Security Update for Microsoft Office, Windows, .NET Framework, and Silverlight","Microsoft Windows Server 2003 x64 Edition Service Pack 2","","Critical","Remote Code Execution",""
"20120508","CVE-2012-0165","2686509","Combined Security Update for Microsoft Office, Windows, .NET Framework, and Silverlight","Microsoft Windows Server 2003 for Itanium-based Systems Service Pack 2","","Critical","Remote Code Execution",""
"20120508","CVE-2012-0165","2686509","Combined Security Update for Microsoft Office, Windows, .NET Framework, and Silverlight","Microsoft Windows Server 2003 x64 Edition Service Pack 2","","Critical","Remote Code Execution",""
"20130709","CVE-2013-3129","2834886","Vulnerability in GDI+ Could Allow Remote Code Execution","Microsoft Windows Server 2003 x64 Edition Service Pack 2","Windows GDI+","Critical","Remote Code Execution",""
"20130709","CVE-2013-3129","2834886","Vulnerability in GDI+ Could Allow Remote Code Execution","Microsoft Windows Server 2003 for Itanium-based Systems Service Pack 2","Windows GDI+","Critical","Remote Code Execution",""
"20130709","CVE-2013-3129","2833941","Vulnerabilities in .NET Framework and Silverlight Could Allow Remote Code Execution","Microsoft Windows Server 2003 x64 Edition Service Pack 2","Microsoft .NET Framework 1.1 Service Pack 1","Critical","Remote Code Execution",""
"20130709","CVE-2013-3129","2840628","Vulnerabilities in .NET Framework and Silverlight Could Allow Remote Code Execution","Microsoft Windows Server 2003 for Itanium-based Systems Service Pack 2","Microsoft .NET Framework 4","Critical","Remote Code Execution",""
"20130709","CVE-2013-3129","2840629","Vulnerabilities in .NET Framework and Silverlight Could Allow Remote Code Execution","Microsoft Windows Server 2003 for Itanium-based Systems Service Pack 2","Microsoft .NET Framework 3.5 Service Pack 1","Critical","Remote Code Execution",""
"20130709","CVE-2013-3129","2840629","Vulnerabilities in .NET Framework and Silverlight Could Allow Remote Code Execution","Microsoft Windows Server 2003 x64 Edition Service Pack 2","Microsoft .NET Framework 3.5 Service Pack 1","Critical","Remote Code Execution",""
"20130709","CVE-2013-3129","2840628","Vulnerabilities in .NET Framework and Silverlight Could Allow Remote Code Execution","Microsoft Windows Server 2003 x64 Edition Service Pack 2","Microsoft .NET Framework 4","Critical","Remote Code Execution",""
"20130709","CVE-2013-3129","2844285","Vulnerabilities in .NET Framework and Silverlight Could Allow Remote Code Execution","Microsoft Windows Server 2003 for Itanium-based Systems Service Pack 2","Microsoft .NET Framework 2.0 Service Pack 2","Critical","Remote Code Execution",""
"20130709","CVE-2013-3129","2833941","Vulnerabilities in .NET Framework and Silverlight Could Allow Remote Code Execution","Microsoft Windows Server 2003 for Itanium-based Systems Service Pack 2","Microsoft .NET Framework 1.1 Service Pack 1","Critical","Remote Code Execution",""
"20120814","CVE-2012-1852","2705219","Vulnerabilities in Windows Networking Components Could Allow Remote Code Execution","Microsoft Windows Server 2003 for Itanium-based Systems Service Pack 2","","Critical","Remote Code Execution",""
"20120814","CVE-2012-1852","2705219","Vulnerabilities in Windows Networking Components Could Allow Remote Code Execution","Microsoft Windows Server 2003 x64 Edition Service Pack 2","","Critical","Remote Code Execution",""
"20120814","CVE-2012-1852","2712808","Vulnerabilities in Windows Networking Components Could Allow Remote Code Execution","Microsoft Windows Server 2003 for Itanium-based Systems Service Pack 2","","Critical","Remote Code Execution",""
"20120814","CVE-2012-1852","2712808","Vulnerabilities in Windows Networking Components Could Allow Remote Code Execution","Microsoft Windows Server 2003 x64 Edition Service Pack 2","","Critical","Remote Code Execution",""
"20150714","CVE-2015-2387","3077657","Vulnerability in ATM Font Driver Could Allow Elevation of Privilege","Microsoft Windows Server 2003 x64 Edition Service Pack 2","","Important","Elevation of Privilege",""
"20150714","CVE-2015-2387","3077657","Vulnerability in ATM Font Driver Could Allow Elevation of Privilege","Microsoft Windows Server 2003 for Itanium-based Systems Service Pack 2","","Important","Elevation of Privilege",""
"20140610","CVE-2014-1777","2957689","Cumulative Security Update for Internet Explorer","Microsoft Windows Server 2003 x64 Edition Service Pack 2","Windows Internet Explorer 7","Critical","Remote Code Execution","https://exploit-db.com/exploits/34010"
"20140610","CVE-2014-1777","2957689","Cumulative Security Update for Internet Explorer","Microsoft Windows Server 2003 for Itanium-based Systems Service Pack 2","Windows Internet Explorer 7","Critical","Remote Code Execution","https://exploit-db.com/exploits/34010"
"20140610","CVE-2014-1777","2957689","Cumulative Security Update for Internet Explorer","Microsoft Windows Server 2003 x64 Edition Service Pack 2","Windows Internet Explorer 8","Critical","Remote Code Execution","https://exploit-db.com/exploits/34010"
"20140610","CVE-2014-1777","2957689","Cumulative Security Update for Internet Explorer","Microsoft Windows Server 2003 x64 Edition Service Pack 2","Microsoft Internet Explorer 6.0","Critical","Remote Code Execution","https://exploit-db.com/exploits/34010"
"20140610","CVE-2014-1777","2957689","Cumulative Security Update for Internet Explorer","Microsoft Windows Server 2003 for Itanium-based Systems Service Pack 2","Microsoft Internet Explorer 6.0","Critical","Remote Code Execution","https://exploit-db.com/exploits/34010"
"20100608","CVE-2009-0217","982865","Vulnerability in Microsoft .NET Framework Could Allow Tampering","Microsoft Windows Server 2003 x64 Edition Service Pack 2","Microsoft .NET Framework 3.5","Important","Tampering",""
"20100608","CVE-2009-0217","982865","Vulnerability in Microsoft .NET Framework Could Allow Tampering","Microsoft Windows Server 2003 for Itanium-based Systems Service Pack 2","Microsoft .NET Framework 3.5","Important","Tampering",""
"20140610","CVE-2014-1804","2957689","Cumulative Security Update for Internet Explorer","Microsoft Windows Server 2003 x64 Edition Service Pack 2","Windows Internet Explorer 7","Critical","Remote Code Execution","https://exploit-db.com/exploits/34010"
"20140610","CVE-2014-1804","2957689","Cumulative Security Update for Internet Explorer","Microsoft Windows Server 2003 for Itanium-based Systems Service Pack 2","Windows Internet Explorer 7","Critical","Remote Code Execution","https://exploit-db.com/exploits/34010"
"20140610","CVE-2014-1804","2957689","Cumulative Security Update for Internet Explorer","Microsoft Windows Server 2003 x64 Edition Service Pack 2","Windows Internet Explorer 8","Critical","Remote Code Execution","https://exploit-db.com/exploits/34010"
"20140610","CVE-2014-1804","2957689","Cumulative Security Update for Internet Explorer","Microsoft Windows Server 2003 x64 Edition Service Pack 2","Microsoft Internet Explorer 6.0","Critical","Remote Code Execution","https://exploit-db.com/exploits/34010"
"20140610","CVE-2014-1804","2957689","Cumulative Security Update for Internet Explorer","Microsoft Windows Server 2003 for Itanium-based Systems Service Pack 2","Microsoft Internet Explorer 6.0","Critical","Remote Code Execution","https://exploit-db.com/exploits/34010"
"20140610","CVE-2014-1770","2957689","Cumulative Security Update for Internet Explorer","Microsoft Windows Server 2003 x64 Edition Service Pack 2","Windows Internet Explorer 7","Critical","Remote Code Execution","https://exploit-db.com/exploits/34010"
"20140610","CVE-2014-1770","2957689","Cumulative Security Update for Internet Explorer","Microsoft Windows Server 2003 for Itanium-based Systems Service Pack 2","Windows Internet Explorer 7","Critical","Remote Code Execution","https://exploit-db.com/exploits/34010"
"20140610","CVE-2014-1770","2957689","Cumulative Security Update for Internet Explorer","Microsoft Windows Server 2003 x64 Edition Service Pack 2","Windows Internet Explorer 8","Critical","Remote Code Execution","https://exploit-db.com/exploits/34010"
"20140610","CVE-2014-1770","2957689","Cumulative Security Update for Internet Explorer","Microsoft Windows Server 2003 x64 Edition Service Pack 2","Microsoft Internet Explorer 6.0","Critical","Remote Code Execution","https://exploit-db.com/exploits/34010"
"20140610","CVE-2014-1770","2957689","Cumulative Security Update for Internet Explorer","Microsoft Windows Server 2003 for Itanium-based Systems Service Pack 2","Microsoft Internet Explorer 6.0","Critical","Remote Code Execution","https://exploit-db.com/exploits/34010"
"20120508","CVE-2012-0160","2604111","Vulnerabilities in .NET Framework Could Allow Remote Code Execution","Microsoft Windows Server 2003 x64 Edition Service Pack 2","Microsoft .NET Framework 3.5 Service Pack 1","Critical","Remote Code Execution",""
"20120508","CVE-2012-0160","2604111","Vulnerabilities in .NET Framework Could Allow Remote Code Execution","Microsoft Windows Server 2003 for Itanium-based Systems Service Pack 2","Microsoft .NET Framework 3.5 Service Pack 1","Critical","Remote Code Execution",""
"20120508","CVE-2012-0160","2604044","Vulnerabilities in .NET Framework Could Allow Remote Code Execution","Microsoft Windows Server 2003 x64 Edition Service Pack 2","Microsoft .NET Framework 1.1 Service Pack 1","Critical","Remote Code Execution",""
"20120508","CVE-2012-0160","2604044","Vulnerabilities in .NET Framework Could Allow Remote Code Execution","Microsoft Windows Server 2003 for Itanium-based Systems Service Pack 2","Microsoft .NET Framework 1.1 Service Pack 1","Critical","Remote Code Execution",""
"20120508","CVE-2012-0160","2604092","Vulnerabilities in .NET Framework Could Allow Remote Code Execution","Microsoft Windows Server 2003 x64 Edition Service Pack 2","Microsoft .NET Framework 2.0 Service Pack 2","Critical","Remote Code Execution",""
"20120508","CVE-2012-0160","2604092","Vulnerabilities in .NET Framework Could Allow Remote Code Execution","Microsoft Windows Server 2003 for Itanium-based Systems Service Pack 2","Microsoft .NET Framework 2.0 Service Pack 2","Critical","Remote Code Execution",""
"20120508","CVE-2012-0160","2604121","Vulnerabilities in .NET Framework Could Allow Remote Code Execution","Microsoft Windows Server 2003 x64 Edition Service Pack 2","Microsoft .NET Framework 4","Critical","Remote Code Execution",""
"20120508","CVE-2012-0160","2604121","Vulnerabilities in .NET Framework Could Allow Remote Code Execution","Microsoft Windows Server 2003 for Itanium-based Systems Service Pack 2","Microsoft .NET Framework 4","Critical","Remote Code Execution",""
"20091208","CVE-2009-2505","974318","Vulnerabilities in Internet Authentication Service Could Allow Remote Code Execution","Microsoft Windows Server 2003 x64 Edition Service Pack 2","","Critical","Remote Code Execution",""
"20091208","CVE-2009-2505","974318","Vulnerabilities in Internet Authentication Service Could Allow Remote Code Execution","Microsoft Windows Server 2003 for Itanium-based Systems Service Pack 2","","Critical","Remote Code Execution",""
"20140610","CVE-2014-2764","2957689","Cumulative Security Update for Internet Explorer","Microsoft Windows Server 2003 x64 Edition Service Pack 2","Windows Internet Explorer 7","Critical","Remote Code Execution","https://exploit-db.com/exploits/34010"
"20140610","CVE-2014-2764","2957689","Cumulative Security Update for Internet Explorer","Microsoft Windows Server 2003 for Itanium-based Systems Service Pack 2","Windows Internet Explorer 7","Critical","Remote Code Execution","https://exploit-db.com/exploits/34010"
"20140610","CVE-2014-2764","2957689","Cumulative Security Update for Internet Explorer","Microsoft Windows Server 2003 x64 Edition Service Pack 2","Windows Internet Explorer 8","Critical","Remote Code Execution","https://exploit-db.com/exploits/34010"
"20140610","CVE-2014-2764","2957689","Cumulative Security Update for Internet Explorer","Microsoft Windows Server 2003 x64 Edition Service Pack 2","Microsoft Internet Explorer 6.0","Critical","Remote Code Execution","https://exploit-db.com/exploits/34010"
"20140610","CVE-2014-2764","2957689","Cumulative Security Update for Internet Explorer","Microsoft Windows Server 2003 for Itanium-based Systems Service Pack 2","Microsoft Internet Explorer 6.0","Critical","Remote Code Execution","https://exploit-db.com/exploits/34010"
"20140812","CVE-2014-2774","2976627","Cumulative Security Update for Internet Explorer","Microsoft Windows Server 2003 x64 Edition Service Pack 2","Microsoft Internet Explorer 6.0","Critical","Remote Code Execution",""
"20140812","CVE-2014-2774","2976627","Cumulative Security Update for Internet Explorer","Microsoft Windows Server 2003 for Itanium-based Systems Service Pack 2","Microsoft Internet Explorer 6.0","Critical","Remote Code Execution",""
"20140812","CVE-2014-2774","2976627","Cumulative Security Update for Internet Explorer","Microsoft Windows Server 2003 x64 Edition Service Pack 2","Windows Internet Explorer 7","Critical","Remote Code Execution",""
"20140812","CVE-2014-2774","2976627","Cumulative Security Update for Internet Explorer","Microsoft Windows Server 2003 for Itanium-based Systems Service Pack 2","Windows Internet Explorer 7","Critical","Remote Code Execution",""
"20140812","CVE-2014-2774","2976627","Cumulative Security Update for Internet Explorer","Microsoft Windows Server 2003 x64 Edition Service Pack 2","Windows Internet Explorer 8","Critical","Remote Code Execution",""
"20090811","CVE-2009-1133","958469","Vulnerabilities in Remote Desktop Connection Could Allow Remote Code Execution","Microsoft Windows Server 2003 x64 Edition Service Pack 2","Remote Desktop Connection 5.2 Client","Critical","Remote Code Execution",""
"20090811","CVE-2009-1133","958469","Vulnerabilities in Remote Desktop Connection Could Allow Remote Code Execution","Microsoft Windows Server 2003 for Itanium-based Systems Service Pack 2","Remote Desktop Connection 5.2 Client","Critical","Remote Code Execution",""
"20090811","CVE-2009-1133","956744","Vulnerabilities in Remote Desktop Connection Could Allow Remote Code Execution","Microsoft Windows Server 2003 x64 Edition Service Pack 2","Remote Desktop Connection 6.0 Client","Critical","Remote Code Execution",""
"20140812","CVE-2014-4063","2976627","Cumulative Security Update for Internet Explorer","Microsoft Windows Server 2003 x64 Edition Service Pack 2","Microsoft Internet Explorer 6.0","Critical","Remote Code Execution",""
"20140812","CVE-2014-4063","2976627","Cumulative Security Update for Internet Explorer","Microsoft Windows Server 2003 for Itanium-based Systems Service Pack 2","Microsoft Internet Explorer 6.0","Critical","Remote Code Execution",""
"20140812","CVE-2014-4063","2976627","Cumulative Security Update for Internet Explorer","Microsoft Windows Server 2003 x64 Edition Service Pack 2","Windows Internet Explorer 7","Critical","Remote Code Execution",""
"20140812","CVE-2014-4063","2976627","Cumulative Security Update for Internet Explorer","Microsoft Windows Server 2003 for Itanium-based Systems Service Pack 2","Windows Internet Explorer 7","Critical","Remote Code Execution",""
"20140812","CVE-2014-4063","2976627","Cumulative Security Update for Internet Explorer","Microsoft Windows Server 2003 x64 Edition Service Pack 2","Windows Internet Explorer 8","Critical","Remote Code Execution",""
"20150512","CVE-2015-1679","3045171","Vulnerabilities in Windows Kernel-Mode Drivers Could Allow Elevation of Privilege","Microsoft Windows Server 2003 x64 Edition Service Pack 2","","Important","Elevation of Privilege","https://exploit-db.com/exploits/37049"
"20150512","CVE-2015-1679","3045171","Vulnerabilities in Windows Kernel-Mode Drivers Could Allow Elevation of Privilege","Microsoft Windows Server 2003 for Itanium-based Systems Service Pack 2","","Important","Elevation of Privilege","https://exploit-db.com/exploits/37049"
"20100209","CVE-2010-0250","977914","Vulnerability in Microsoft DirectShow Could Allow Remote Code Execution","Microsoft Windows Server 2003 x64 Edition Service Pack 2","AVI Filter","Critical","Remote Code Execution",""
"20100209","CVE-2010-0250","975560","Vulnerability in Microsoft DirectShow Could Allow Remote Code Execution","Microsoft Windows Server 2003 x64 Edition Service Pack 2","Microsoft DirectX","Critical","Remote Code Execution",""
"20100209","CVE-2010-0250","977914","Vulnerability in Microsoft DirectShow Could Allow Remote Code Execution","Microsoft Windows Server 2003 for Itanium-based Systems Service Pack 2","AVI Filter","Critical","Remote Code Execution",""
"20100209","CVE-2010-0250","975560","Vulnerability in Microsoft DirectShow Could Allow Remote Code Execution","Microsoft Windows Server 2003 for Itanium-based Systems Service Pack 2","Microsoft DirectX","Critical","Remote Code Execution",""
"20140812","CVE-2014-8985","2976627","Cumulative Security Update for Internet Explorer","Microsoft Windows Server 2003 x64 Edition Service Pack 2","Microsoft Internet Explorer 6.0","Critical","Remote Code Execution",""
"20140812","CVE-2014-8985","2976627","Cumulative Security Update for Internet Explorer","Microsoft Windows Server 2003 for Itanium-based Systems Service Pack 2","Microsoft Internet Explorer 6.0","Critical","Remote Code Execution",""
"20140812","CVE-2014-8985","2976627","Cumulative Security Update for Internet Explorer","Microsoft Windows Server 2003 x64 Edition Service Pack 2","Windows Internet Explorer 7","Critical","Remote Code Execution",""
"20140812","CVE-2014-8985","2976627","Cumulative Security Update for Internet Explorer","Microsoft Windows Server 2003 for Itanium-based Systems Service Pack 2","Windows Internet Explorer 7","Critical","Remote Code Execution",""
"20140812","CVE-2014-8985","2976627","Cumulative Security Update for Internet Explorer","Microsoft Windows Server 2003 x64 Edition Service Pack 2","Windows Internet Explorer 8","Critical","Remote Code Execution",""
"20121113","CVE-2012-1528","2727528","Vulnerabilities in Windows Shell Could Allow Remote Code Execution","Microsoft Windows Server 2003 x64 Edition Service Pack 2","","Critical","Remote Code Execution",""
"20121113","CVE-2012-1528","2727528","Vulnerabilities in Windows Shell Could Allow Remote Code Execution","Microsoft Windows Server 2003 for Itanium-based Systems Service Pack 2","","Critical","Remote Code Execution",""
"20120110","CVE-2012-0001","2644615","Vulnerability in Windows Kernel Could Allow Security Feature Bypass","Microsoft Windows Server 2003 x64 Edition Service Pack 2","","Important","Security Feature Bypass",""
"20120110","CVE-2012-0001","2644615","Vulnerability in Windows Kernel Could Allow Security Feature Bypass","Microsoft Windows Server 2003 for Itanium-based Systems Service Pack 2","","Important","Security Feature Bypass",""
"20081111","CVE-2007-0099","954430","Vulnerabilities in Microsoft XML Core Services Could Allow Remote Code Execution","Microsoft Windows Server 2003 x64 Edition","Microsoft XML Core Services 4.0","Critical","Remote Code Execution",""
"20081111","CVE-2007-0099","954430","Vulnerabilities in Microsoft XML Core Services Could Allow Remote Code Execution","Microsoft Windows Server 2003 x64 Edition Service Pack 2","Microsoft XML Core Services 4.0","Critical","Remote Code Execution",""
"20081111","CVE-2007-0099","954430","Vulnerabilities in Microsoft XML Core Services Could Allow Remote Code Execution","Microsoft Windows Server 2003 for Itanium-based Systems Service Pack 1","Microsoft XML Core Services 4.0","Critical","Remote Code Execution",""
"20081111","CVE-2007-0099","954430","Vulnerabilities in Microsoft XML Core Services Could Allow Remote Code Execution","Microsoft Windows Server 2003 for Itanium-based Systems Service Pack 2","Microsoft XML Core Services 4.0","Critical","Remote Code Execution",""
"20081111","CVE-2007-0099","954459","Vulnerabilities in Microsoft XML Core Services Could Allow Remote Code Execution","Microsoft Windows Server 2003 x64 Edition","Microsoft XML Core Services 6.0","Critical","Remote Code Execution",""
"20081111","CVE-2007-0099","954459","Vulnerabilities in Microsoft XML Core Services Could Allow Remote Code Execution","Microsoft Windows Server 2003 x64 Edition Service Pack 2","Microsoft XML Core Services 6.0","Critical","Remote Code Execution",""
"20081111","CVE-2007-0099","954459","Vulnerabilities in Microsoft XML Core Services Could Allow Remote Code Execution","Microsoft Windows Server 2003 for Itanium-based Systems Service Pack 1","Microsoft XML Core Services 6.0","Critical","Remote Code Execution",""
"20081111","CVE-2007-0099","954459","Vulnerabilities in Microsoft XML Core Services Could Allow Remote Code Execution","Microsoft Windows Server 2003 for Itanium-based Systems Service Pack 2","Microsoft XML Core Services 6.0","Critical","Remote Code Execution",""
"20140610","CVE-2014-2763","2957689","Cumulative Security Update for Internet Explorer","Microsoft Windows Server 2003 x64 Edition Service Pack 2","Windows Internet Explorer 7","Critical","Remote Code Execution","https://exploit-db.com/exploits/34010"
"20140610","CVE-2014-2763","2957689","Cumulative Security Update for Internet Explorer","Microsoft Windows Server 2003 for Itanium-based Systems Service Pack 2","Windows Internet Explorer 7","Critical","Remote Code Execution","https://exploit-db.com/exploits/34010"
"20140610","CVE-2014-2763","2957689","Cumulative Security Update for Internet Explorer","Microsoft Windows Server 2003 x64 Edition Service Pack 2","Windows Internet Explorer 8","Critical","Remote Code Execution","https://exploit-db.com/exploits/34010"
"20140610","CVE-2014-2763","2957689","Cumulative Security Update for Internet Explorer","Microsoft Windows Server 2003 x64 Edition Service Pack 2","Microsoft Internet Explorer 6.0","Critical","Remote Code Execution","https://exploit-db.com/exploits/34010"
"20140610","CVE-2014-2763","2957689","Cumulative Security Update for Internet Explorer","Microsoft Windows Server 2003 for Itanium-based Systems Service Pack 2","Microsoft Internet Explorer 6.0","Critical","Remote Code Execution","https://exploit-db.com/exploits/34010"
"20110712","CVE-2011-1285","2507938","Vulnerabilities in Windows Client/Server Run-time Subsystem Could Allow Elevation of Privilege","Microsoft Windows Server 2003 x64 Edition Service Pack 2","","Important","Elevation of Privilege",""
"20110712","CVE-2011-1285","2507938","Vulnerabilities in Windows Client/Server Run-time Subsystem Could Allow Elevation of Privilege","Microsoft Windows Server 2003 for Itanium-based Systems Service Pack 2","","Important","Elevation of Privilege",""
"20120110","CVE-2012-0013","2584146","Vulnerability in Microsoft Windows Could Allow Remote Code Execution","Microsoft Windows Server 2003 x64 Edition Service Pack 2","","Important","Remote Code Execution","https://exploit-db.com/exploits/19037, https://exploit-db.com/exploits/18372"
"20120110","CVE-2012-0013","2584146","Vulnerability in Microsoft Windows Could Allow Remote Code Execution","Microsoft Windows Server 2003 for Itanium-based Systems Service Pack 2","","Important","Remote Code Execution","https://exploit-db.com/exploits/19037, https://exploit-db.com/exploits/18372"
"20140812","CVE-2014-4055","2976627","Cumulative Security Update for Internet Explorer","Microsoft Windows Server 2003 x64 Edition Service Pack 2","Microsoft Internet Explorer 6.0","Critical","Remote Code Execution",""
"20140812","CVE-2014-4055","2976627","Cumulative Security Update for Internet Explorer","Microsoft Windows Server 2003 for Itanium-based Systems Service Pack 2","Microsoft Internet Explorer 6.0","Critical","Remote Code Execution",""
"20140812","CVE-2014-4055","2976627","Cumulative Security Update for Internet Explorer","Microsoft Windows Server 2003 x64 Edition Service Pack 2","Windows Internet Explorer 7","Critical","Remote Code Execution",""
"20140812","CVE-2014-4055","2976627","Cumulative Security Update for Internet Explorer","Microsoft Windows Server 2003 for Itanium-based Systems Service Pack 2","Windows Internet Explorer 7","Critical","Remote Code Execution",""
"20140812","CVE-2014-4055","2976627","Cumulative Security Update for Internet Explorer","Microsoft Windows Server 2003 x64 Edition Service Pack 2","Windows Internet Explorer 8","Critical","Remote Code Execution",""
"20150512","CVE-2015-1671","3045171","Vulnerabilities in Microsoft Font Drivers Could Allow Remote Code Execution","Microsoft Windows Server 2003 x64 Edition Service Pack 2","","Critical","Remote Code Execution",""
"20150512","CVE-2015-1671","3045171","Vulnerabilities in Microsoft Font Drivers Could Allow Remote Code Execution","Microsoft Windows Server 2003 for Itanium-based Systems Service Pack 2","","Critical","Remote Code Execution",""
"20150512","CVE-2015-1671","3048073","Vulnerabilities in Microsoft Font Drivers Could Allow Remote Code Execution","Microsoft Windows Server 2003 x64 Edition Service Pack 2","Microsoft .NET Framework 3.0 Service Pack 2","Critical","Remote Code Execution",""
"20150512","CVE-2015-1671","3048074","Vulnerabilities in Microsoft Font Drivers Could Allow Remote Code Execution","Microsoft Windows Server 2003 x64 Edition Service Pack 2","Microsoft .NET Framework 4","Critical","Remote Code Execution",""
"20150210","CVE-2015-0057","3023562","Vulnerabilities in Windows Kernel-Mode Driver Could Allow Remote Code Execution","Microsoft Windows Server 2003 x64 Edition Service Pack 2","","Critical","Remote Code Execution","https://exploit-db.com/exploits/37098, https://exploit-db.com/exploits/39035"
"20150210","CVE-2015-0057","3023562","Vulnerabilities in Windows Kernel-Mode Driver Could Allow Remote Code Execution","Microsoft Windows Server 2003 for Itanium-based Systems Service Pack 2","","Critical","Remote Code Execution","https://exploit-db.com/exploits/37098, https://exploit-db.com/exploits/39035"
"20121113","CVE-2012-4777","2737019","Vulnerabilities in .NET Framework Could Allow Remote Code Execution","Microsoft Windows Server 2003 x64 Edition Service Pack 2","Microsoft .NET Framework 4","Critical","Remote Code Execution",""
"20121113","CVE-2012-4777","2737019","Vulnerabilities in .NET Framework Could Allow Remote Code Execution","Microsoft Windows Server 2003 for Itanium-based Systems Service Pack 2","Microsoft .NET Framework 4","Critical","Remote Code Execution",""
"20121113","CVE-2012-4777","2729450","Vulnerabilities in .NET Framework Could Allow Remote Code Execution","Microsoft Windows Server 2003 x64 Edition Service Pack 2","Microsoft .NET Framework 2.0 Service Pack 2","Critical","Remote Code Execution",""
"20121113","CVE-2012-4777","2729450","Vulnerabilities in .NET Framework Could Allow Remote Code Execution","Microsoft Windows Server 2003 for Itanium-based Systems Service Pack 2","Microsoft .NET Framework 2.0 Service Pack 2","Critical","Remote Code Execution",""
"20121113","CVE-2012-4777","2729449","Vulnerabilities in .NET Framework Could Allow Remote Code Execution","Microsoft Windows Server 2003 x64 Edition Service Pack 2","Microsoft .NET Framework 4","Critical","Remote Code Execution",""
"20121113","CVE-2012-4777","2729449","Vulnerabilities in .NET Framework Could Allow Remote Code Execution","Microsoft Windows Server 2003 for Itanium-based Systems Service Pack 2","Microsoft .NET Framework 4","Critical","Remote Code Execution",""
"20150210","CVE-2015-0010","3023562","Vulnerabilities in Windows Kernel-Mode Driver Could Allow Remote Code Execution","Microsoft Windows Server 2003 x64 Edition Service Pack 2","","Critical","Remote Code Execution","http://code.google.com/p/google-security-research/issues/detail?id=128, https://exploit-db.com/exploits/37098"
"20150210","CVE-2015-0010","3023562","Vulnerabilities in Windows Kernel-Mode Driver Could Allow Remote Code Execution","Microsoft Windows Server 2003 for Itanium-based Systems Service Pack 2","","Critical","Remote Code Execution","http://code.google.com/p/google-security-research/issues/detail?id=128, https://exploit-db.com/exploits/37098"
"20140610","CVE-2014-2777","2957689","Cumulative Security Update for Internet Explorer","Microsoft Windows Server 2003 x64 Edition Service Pack 2","Windows Internet Explorer 7","Critical","Remote Code Execution","https://exploit-db.com/exploits/34010"
"20140610","CVE-2014-2777","2957689","Cumulative Security Update for Internet Explorer","Microsoft Windows Server 2003 for Itanium-based Systems Service Pack 2","Windows Internet Explorer 7","Critical","Remote Code Execution","https://exploit-db.com/exploits/34010"
"20140610","CVE-2014-2777","2957689","Cumulative Security Update for Internet Explorer","Microsoft Windows Server 2003 x64 Edition Service Pack 2","Windows Internet Explorer 8","Critical","Remote Code Execution","https://exploit-db.com/exploits/34010"
"20140610","CVE-2014-2777","2957689","Cumulative Security Update for Internet Explorer","Microsoft Windows Server 2003 x64 Edition Service Pack 2","Microsoft Internet Explorer 6.0","Critical","Remote Code Execution","https://exploit-db.com/exploits/34010"
"20140610","CVE-2014-2777","2957689","Cumulative Security Update for Internet Explorer","Microsoft Windows Server 2003 for Itanium-based Systems Service Pack 2","Microsoft Internet Explorer 6.0","Critical","Remote Code Execution","https://exploit-db.com/exploits/34010"
"20131008","CVE-2013-3888","2884256","Vulnerabilities in Windows Kernel-Mode Drivers Could Allow Remote Code Execution","Microsoft Windows Server 2003 for Itanium-based Systems Service Pack 2","","Critical","Remote Code Execution",""
"20131008","CVE-2013-3888","2862335","Vulnerabilities in Windows Kernel-Mode Drivers Could Allow Remote Code Execution","Microsoft Windows Server 2003 x64 Edition Service Pack 2","","Critical","Remote Code Execution",""
"20131008","CVE-2013-3888","2862335","Vulnerabilities in Windows Kernel-Mode Drivers Could Allow Remote Code Execution","Microsoft Windows Server 2003 for Itanium-based Systems Service Pack 2","","Critical","Remote Code Execution",""
"20131008","CVE-2013-3888","2862330","Vulnerabilities in Windows Kernel-Mode Drivers Could Allow Remote Code Execution","Microsoft Windows Server 2003 x64 Edition Service Pack 2","","Critical","Remote Code Execution",""
"20131008","CVE-2013-3888","2862330","Vulnerabilities in Windows Kernel-Mode Drivers Could Allow Remote Code Execution","Microsoft Windows Server 2003 for Itanium-based Systems Service Pack 2","","Critical","Remote Code Execution",""
"20131008","CVE-2013-3888","2884256","Vulnerabilities in Windows Kernel-Mode Drivers Could Allow Remote Code Execution","Microsoft Windows Server 2003 x64 Edition Service Pack 2","","Critical","Remote Code Execution",""
"20131008","CVE-2013-3888","2868038","Vulnerabilities in Windows Kernel-Mode Drivers Could Allow Remote Code Execution","Microsoft Windows Server 2003 x64 Edition Service Pack 2","","Critical","Remote Code Execution",""
"20131008","CVE-2013-3888","2868038","Vulnerabilities in Windows Kernel-Mode Drivers Could Allow Remote Code Execution","Microsoft Windows Server 2003 for Itanium-based Systems Service Pack 2","","Critical","Remote Code Execution",""
"20140610","CVE-2014-1773","2957689","Cumulative Security Update for Internet Explorer","Microsoft Windows Server 2003 x64 Edition Service Pack 2","Windows Internet Explorer 7","Critical","Remote Code Execution","https://exploit-db.com/exploits/34010"
"20140610","CVE-2014-1773","2957689","Cumulative Security Update for Internet Explorer","Microsoft Windows Server 2003 for Itanium-based Systems Service Pack 2","Windows Internet Explorer 7","Critical","Remote Code Execution","https://exploit-db.com/exploits/34010"
"20140610","CVE-2014-1773","2957689","Cumulative Security Update for Internet Explorer","Microsoft Windows Server 2003 x64 Edition Service Pack 2","Windows Internet Explorer 8","Critical","Remote Code Execution","https://exploit-db.com/exploits/34010"
"20140610","CVE-2014-1773","2957689","Cumulative Security Update for Internet Explorer","Microsoft Windows Server 2003 x64 Edition Service Pack 2","Microsoft Internet Explorer 6.0","Critical","Remote Code Execution","https://exploit-db.com/exploits/34010"
"20140610","CVE-2014-1773","2957689","Cumulative Security Update for Internet Explorer","Microsoft Windows Server 2003 for Itanium-based Systems Service Pack 2","Microsoft Internet Explorer 6.0","Critical","Remote Code Execution","https://exploit-db.com/exploits/34010"
"20111213","CVE-2011-3408","2620712","Vulnerability in Windows Client/Server Run-time Subsystem Could Allow Elevation of Privilege","Microsoft Windows Server 2003 x64 Edition Service Pack 2","","Important","Elevation of Privilege",""
"20111213","CVE-2011-3408","2620712","Vulnerability in Windows Client/Server Run-time Subsystem Could Allow Elevation of Privilege","Microsoft Windows Server 2003 for Itanium-based Systems Service Pack 2","","Important","Elevation of Privilege",""
"20150714","CVE-2015-2369","3067903","Vulnerabilities in Windows Could Allow Remote Code Execution","Microsoft Windows Server 2003 x64 Edition Service Pack 2","Windows Media Format SDK 11","Important","Remote Code Execution",""
"20150714","CVE-2015-2369","3067903","Vulnerabilities in Windows Could Allow Remote Code Execution","Microsoft Windows Server 2003 x64 Edition Service Pack 2","","Important","Remote Code Execution",""
"20131008","CVE-2013-3881","2884256","Vulnerabilities in Windows Kernel-Mode Drivers Could Allow Remote Code Execution","Microsoft Windows Server 2003 for Itanium-based Systems Service Pack 2","","Critical","Remote Code Execution","https://exploit-db.com/exploits/31576"
"20131008","CVE-2013-3881","2862335","Vulnerabilities in Windows Kernel-Mode Drivers Could Allow Remote Code Execution","Microsoft Windows Server 2003 x64 Edition Service Pack 2","","Critical","Remote Code Execution","https://exploit-db.com/exploits/31576"
"20131008","CVE-2013-3881","2862335","Vulnerabilities in Windows Kernel-Mode Drivers Could Allow Remote Code Execution","Microsoft Windows Server 2003 for Itanium-based Systems Service Pack 2","","Critical","Remote Code Execution","https://exploit-db.com/exploits/31576"
"20131008","CVE-2013-3881","2862330","Vulnerabilities in Windows Kernel-Mode Drivers Could Allow Remote Code Execution","Microsoft Windows Server 2003 x64 Edition Service Pack 2","","Critical","Remote Code Execution","https://exploit-db.com/exploits/31576"
"20131008","CVE-2013-3881","2862330","Vulnerabilities in Windows Kernel-Mode Drivers Could Allow Remote Code Execution","Microsoft Windows Server 2003 for Itanium-based Systems Service Pack 2","","Critical","Remote Code Execution","https://exploit-db.com/exploits/31576"
"20131008","CVE-2013-3881","2884256","Vulnerabilities in Windows Kernel-Mode Drivers Could Allow Remote Code Execution","Microsoft Windows Server 2003 x64 Edition Service Pack 2","","Critical","Remote Code Execution","https://exploit-db.com/exploits/31576"
"20131008","CVE-2013-3881","2868038","Vulnerabilities in Windows Kernel-Mode Drivers Could Allow Remote Code Execution","Microsoft Windows Server 2003 x64 Edition Service Pack 2","","Critical","Remote Code Execution","https://exploit-db.com/exploits/31576"
"20131008","CVE-2013-3881","2868038","Vulnerabilities in Windows Kernel-Mode Drivers Could Allow Remote Code Execution","Microsoft Windows Server 2003 for Itanium-based Systems Service Pack 2","","Critical","Remote Code Execution","https://exploit-db.com/exploits/31576"
"20120508","CVE-2012-0176","2676562","Combined Security Update for Microsoft Office, Windows, .NET Framework, and Silverlight","Microsoft Windows Server 2003 for Itanium-based Systems Service Pack 2","","Critical","Remote Code Execution",""
"20120508","CVE-2012-0176","2676562","Combined Security Update for Microsoft Office, Windows, .NET Framework, and Silverlight","Microsoft Windows Server 2003 x64 Edition Service Pack 2","","Critical","Remote Code Execution",""
"20120508","CVE-2012-0176","2659262","Combined Security Update for Microsoft Office, Windows, .NET Framework, and Silverlight","Microsoft Windows Server 2003 for Itanium-based Systems Service Pack 2","","Critical","Remote Code Execution",""
"20120508","CVE-2012-0176","2659262","Combined Security Update for Microsoft Office, Windows, .NET Framework, and Silverlight","Microsoft Windows Server 2003 x64 Edition Service Pack 2","","Critical","Remote Code Execution",""
"20120508","CVE-2012-0176","2686509","Combined Security Update for Microsoft Office, Windows, .NET Framework, and Silverlight","Microsoft Windows Server 2003 for Itanium-based Systems Service Pack 2","","Critical","Remote Code Execution",""
"20120508","CVE-2012-0176","2686509","Combined Security Update for Microsoft Office, Windows, .NET Framework, and Silverlight","Microsoft Windows Server 2003 x64 Edition Service Pack 2","","Critical","Remote Code Execution",""
"20110614","CVE-2011-0664","2478656","Vulnerability in .NET Framework and Microsoft Silverlight Could Allow Remote Code Execution","Microsoft Windows Server 2003 x64 Edition Service Pack 2","Microsoft .NET Framework 3.5","Critical","Remote Code Execution",""
"20110614","CVE-2011-0664","2478656","Vulnerability in .NET Framework and Microsoft Silverlight Could Allow Remote Code Execution","Microsoft Windows Server 2003 for Itanium-based Systems Service Pack 2","Microsoft .NET Framework 3.5","Critical","Remote Code Execution",""
"20131008","CVE-2013-3128","2863239","Vulnerabilities in .NET Framework Could Allow Remote Code Execution","Microsoft Windows Server 2003 x64 Edition Service Pack 2","Microsoft .NET Framework 2.0 Service Pack 2","Critical","Remote Code Execution",""
"20131008","CVE-2013-3128","2863239","Vulnerabilities in .NET Framework Could Allow Remote Code Execution","Microsoft Windows Server 2003 for Itanium-based Systems Service Pack 2","Microsoft .NET Framework 2.0 Service Pack 2","Critical","Remote Code Execution",""
"20131008","CVE-2013-3128","2861697","Vulnerabilities in .NET Framework Could Allow Remote Code Execution","Microsoft Windows Server 2003 x64 Edition Service Pack 2","Microsoft .NET Framework 3.5 Service Pack 1","Critical","Remote Code Execution",""
"20131008","CVE-2013-3128","2861697","Vulnerabilities in .NET Framework Could Allow Remote Code Execution","Microsoft Windows Server 2003 for Itanium-based Systems Service Pack 2","Microsoft .NET Framework 3.5 Service Pack 1","Critical","Remote Code Execution",""
"20131008","CVE-2013-3128","2861188","Vulnerabilities in .NET Framework Could Allow Remote Code Execution","Microsoft Windows Server 2003 x64 Edition Service Pack 2","Microsoft .NET Framework 4","Critical","Remote Code Execution",""
"20131008","CVE-2013-3128","2858302","Vulnerabilities in .NET Framework Could Allow Remote Code Execution","Microsoft Windows Server 2003 x64 Edition Service Pack 2","Microsoft .NET Framework 4","Critical","Remote Code Execution",""
"20131008","CVE-2013-3128","2858302","Vulnerabilities in .NET Framework Could Allow Remote Code Execution","Microsoft Windows Server 2003 for Itanium-based Systems Service Pack 2","Microsoft .NET Framework 4","Critical","Remote Code Execution",""
"20131008","CVE-2013-3128","2884256","Vulnerabilities in Windows Kernel-Mode Drivers Could Allow Remote Code Execution","Microsoft Windows Server 2003 for Itanium-based Systems Service Pack 2","","Critical","Remote Code Execution",""
"20131008","CVE-2013-3128","2862335","Vulnerabilities in Windows Kernel-Mode Drivers Could Allow Remote Code Execution","Microsoft Windows Server 2003 x64 Edition Service Pack 2","","Critical","Remote Code Execution",""
"20131008","CVE-2013-3128","2862335","Vulnerabilities in Windows Kernel-Mode Drivers Could Allow Remote Code Execution","Microsoft Windows Server 2003 for Itanium-based Systems Service Pack 2","","Critical","Remote Code Execution",""
"20131008","CVE-2013-3128","2862330","Vulnerabilities in Windows Kernel-Mode Drivers Could Allow Remote Code Execution","Microsoft Windows Server 2003 x64 Edition Service Pack 2","","Critical","Remote Code Execution",""
"20131008","CVE-2013-3128","2862330","Vulnerabilities in Windows Kernel-Mode Drivers Could Allow Remote Code Execution","Microsoft Windows Server 2003 for Itanium-based Systems Service Pack 2","","Critical","Remote Code Execution",""
"20131008","CVE-2013-3128","2884256","Vulnerabilities in Windows Kernel-Mode Drivers Could Allow Remote Code Execution","Microsoft Windows Server 2003 x64 Edition Service Pack 2","","Critical","Remote Code Execution",""
"20131008","CVE-2013-3128","2868038","Vulnerabilities in Windows Kernel-Mode Drivers Could Allow Remote Code Execution","Microsoft Windows Server 2003 x64 Edition Service Pack 2","","Critical","Remote Code Execution",""
"20131008","CVE-2013-3128","2868038","Vulnerabilities in Windows Kernel-Mode Drivers Could Allow Remote Code Execution","Microsoft Windows Server 2003 for Itanium-based Systems Service Pack 2","","Critical","Remote Code Execution",""
"20150714","CVE-2015-1738","3065822","Security Update for Internet Explorer","Microsoft Windows Server 2003 x64 Edition Service Pack 2","Microsoft Internet Explorer 6.0","Critical","Remote Code Execution",""
"20150714","CVE-2015-1738","3065822","Security Update for Internet Explorer","Microsoft Windows Server 2003 for Itanium-based Systems Service Pack 2","Microsoft Internet Explorer 6.0","Critical","Remote Code Execution",""
"20150714","CVE-2015-1738","3065822","Security Update for Internet Explorer","Microsoft Windows Server 2003 x64 Edition Service Pack 2","Windows Internet Explorer 7","Critical","Remote Code Execution",""
"20150714","CVE-2015-1738","3065822","Security Update for Internet Explorer","Microsoft Windows Server 2003 for Itanium-based Systems Service Pack 2","Windows Internet Explorer 7","Critical","Remote Code Execution",""
"20150714","CVE-2015-1738","3065822","Security Update for Internet Explorer","Microsoft Windows Server 2003 x64 Edition Service Pack 2","Windows Internet Explorer 8","Critical","Remote Code Execution",""
"20101214","CVE-2010-3965","2447961","Vulnerability in Windows Media Encoder Could Allow Remote Code Execution","Microsoft Windows Server 2003 x64 Edition Service Pack 2","Windows Media Encoder 9 x86","Important","Remote Code Execution",""
"20101214","CVE-2010-3965","2447961","Vulnerability in Windows Media Encoder Could Allow Remote Code Execution","Microsoft Windows Server 2003 x64 Edition Service Pack 2","Windows Media Encoder 9 x64","Important","Remote Code Execution",""
"20091013","CVE-2009-2511","974571","Vulnerabilities in Windows CryptoAPI Could Allow Spoofing","Microsoft Windows Server 2003 x64 Edition Service Pack 2","","Important","Spoofing","https://exploit-db.com/exploits/33264"
"20091013","CVE-2009-2511","974571","Vulnerabilities in Windows CryptoAPI Could Allow Spoofing","Microsoft Windows Server 2003 for Itanium-based Systems Service Pack 2","","Important","Spoofing","https://exploit-db.com/exploits/33264"
"20140610","CVE-2014-2766","2957689","Cumulative Security Update for Internet Explorer","Microsoft Windows Server 2003 x64 Edition Service Pack 2","Windows Internet Explorer 7","Critical","Remote Code Execution","https://exploit-db.com/exploits/34010"
"20140610","CVE-2014-2766","2957689","Cumulative Security Update for Internet Explorer","Microsoft Windows Server 2003 for Itanium-based Systems Service Pack 2","Windows Internet Explorer 7","Critical","Remote Code Execution","https://exploit-db.com/exploits/34010"
"20140610","CVE-2014-2766","2957689","Cumulative Security Update for Internet Explorer","Microsoft Windows Server 2003 x64 Edition Service Pack 2","Windows Internet Explorer 8","Critical","Remote Code Execution","https://exploit-db.com/exploits/34010"
"20140610","CVE-2014-2766","2957689","Cumulative Security Update for Internet Explorer","Microsoft Windows Server 2003 x64 Edition Service Pack 2","Microsoft Internet Explorer 6.0","Critical","Remote Code Execution","https://exploit-db.com/exploits/34010"
"20140610","CVE-2014-2766","2957689","Cumulative Security Update for Internet Explorer","Microsoft Windows Server 2003 for Itanium-based Systems Service Pack 2","Microsoft Internet Explorer 6.0","Critical","Remote Code Execution","https://exploit-db.com/exploits/34010"
"20140610","CVE-2014-1774","2957689","Cumulative Security Update for Internet Explorer","Microsoft Windows Server 2003 x64 Edition Service Pack 2","Windows Internet Explorer 7","Critical","Remote Code Execution","https://exploit-db.com/exploits/34010"
"20140610","CVE-2014-1774","2957689","Cumulative Security Update for Internet Explorer","Microsoft Windows Server 2003 for Itanium-based Systems Service Pack 2","Windows Internet Explorer 7","Critical","Remote Code Execution","https://exploit-db.com/exploits/34010"
"20140610","CVE-2014-1774","2957689","Cumulative Security Update for Internet Explorer","Microsoft Windows Server 2003 x64 Edition Service Pack 2","Windows Internet Explorer 8","Critical","Remote Code Execution","https://exploit-db.com/exploits/34010"
"20140610","CVE-2014-1774","2957689","Cumulative Security Update for Internet Explorer","Microsoft Windows Server 2003 x64 Edition Service Pack 2","Microsoft Internet Explorer 6.0","Critical","Remote Code Execution","https://exploit-db.com/exploits/34010"
"20140610","CVE-2014-1774","2957689","Cumulative Security Update for Internet Explorer","Microsoft Windows Server 2003 for Itanium-based Systems Service Pack 2","Microsoft Internet Explorer 6.0","Critical","Remote Code Execution","https://exploit-db.com/exploits/34010"
"20150512","CVE-2015-1670","3045171","Vulnerabilities in Microsoft Font Drivers Could Allow Remote Code Execution","Microsoft Windows Server 2003 x64 Edition Service Pack 2","","Critical","Remote Code Execution",""
"20150512","CVE-2015-1670","3045171","Vulnerabilities in Microsoft Font Drivers Could Allow Remote Code Execution","Microsoft Windows Server 2003 for Itanium-based Systems Service Pack 2","","Critical","Remote Code Execution",""
"20150512","CVE-2015-1670","3048073","Vulnerabilities in Microsoft Font Drivers Could Allow Remote Code Execution","Microsoft Windows Server 2003 x64 Edition Service Pack 2","Microsoft .NET Framework 3.0 Service Pack 2","Critical","Remote Code Execution",""
"20150512","CVE-2015-1670","3048074","Vulnerabilities in Microsoft Font Drivers Could Allow Remote Code Execution","Microsoft Windows Server 2003 x64 Edition Service Pack 2","Microsoft .NET Framework 4","Critical","Remote Code Execution",""
"20141014","CVE-2014-4121","2979575","Vulnerabilities in .NET Framework Could Allow Remote Code Execution","Microsoft Windows Server 2003 x64 Edition Service Pack 2","Microsoft .NET Framework 4","Critical","Remote Code Execution",""
"20141014","CVE-2014-4121","2979575","Vulnerabilities in .NET Framework Could Allow Remote Code Execution","Microsoft Windows Server 2003 for Itanium-based Systems Service Pack 2","Microsoft .NET Framework 4","Critical","Remote Code Execution",""
"20141014","CVE-2014-4121","2979574","Vulnerabilities in .NET Framework Could Allow Remote Code Execution","Microsoft Windows Server 2003 x64 Edition Service Pack 2","Microsoft .NET Framework 2.0 Service Pack 2","Critical","Remote Code Execution",""
"20141014","CVE-2014-4121","2979574","Vulnerabilities in .NET Framework Could Allow Remote Code Execution","Microsoft Windows Server 2003 for Itanium-based Systems Service Pack 2","Microsoft .NET Framework 2.0 Service Pack 2","Critical","Remote Code Execution",""
"20141014","CVE-2014-4121","2972105","Vulnerabilities in .NET Framework Could Allow Remote Code Execution","Microsoft Windows Server 2003 x64 Edition Service Pack 2","Microsoft .NET Framework 2.0 Service Pack 2","Critical","Remote Code Execution",""
"20141014","CVE-2014-4121","2972105","Vulnerabilities in .NET Framework Could Allow Remote Code Execution","Microsoft Windows Server 2003 for Itanium-based Systems Service Pack 2","Microsoft .NET Framework 2.0 Service Pack 2","Critical","Remote Code Execution",""
"20141014","CVE-2014-4121","2972106","Vulnerabilities in .NET Framework Could Allow Remote Code Execution","Microsoft Windows Server 2003 x64 Edition Service Pack 2","Microsoft .NET Framework 4","Critical","Remote Code Execution",""
"20141014","CVE-2014-4121","2972106","Vulnerabilities in .NET Framework Could Allow Remote Code Execution","Microsoft Windows Server 2003 for Itanium-based Systems Service Pack 2","Microsoft .NET Framework 4","Critical","Remote Code Execution",""
"20140610","CVE-2014-2775","2957689","Cumulative Security Update for Internet Explorer","Microsoft Windows Server 2003 x64 Edition Service Pack 2","Windows Internet Explorer 7","Critical","Remote Code Execution","https://exploit-db.com/exploits/34010"
"20140610","CVE-2014-2775","2957689","Cumulative Security Update for Internet Explorer","Microsoft Windows Server 2003 for Itanium-based Systems Service Pack 2","Windows Internet Explorer 7","Critical","Remote Code Execution","https://exploit-db.com/exploits/34010"
"20140610","CVE-2014-2775","2957689","Cumulative Security Update for Internet Explorer","Microsoft Windows Server 2003 x64 Edition Service Pack 2","Windows Internet Explorer 8","Critical","Remote Code Execution","https://exploit-db.com/exploits/34010"
"20140610","CVE-2014-2775","2957689","Cumulative Security Update for Internet Explorer","Microsoft Windows Server 2003 x64 Edition Service Pack 2","Microsoft Internet Explorer 6.0","Critical","Remote Code Execution","https://exploit-db.com/exploits/34010"
"20140610","CVE-2014-2775","2957689","Cumulative Security Update for Internet Explorer","Microsoft Windows Server 2003 for Itanium-based Systems Service Pack 2","Microsoft Internet Explorer 6.0","Critical","Remote Code Execution","https://exploit-db.com/exploits/34010"
"20100914","CVE-2010-2731","2124261","Vulnerabilities in Microsoft Internet Information Services (IIS) Could Allow Remote Code Execution","Microsoft Windows Server 2003 x64 Edition Service Pack 2","Microsoft Internet Information Services 6.0","Important","Remote Code Execution","https://exploit-db.com/exploits/14179"
"20100914","CVE-2010-2731","2124261","Vulnerabilities in Microsoft Internet Information Services (IIS) Could Allow Remote Code Execution","Microsoft Windows Server 2003 for Itanium-based Systems Service Pack 2","Microsoft Internet Information Services 6.0","Important","Remote Code Execution","https://exploit-db.com/exploits/14179"
"20121113","CVE-2012-1527","2727528","Vulnerabilities in Windows Shell Could Allow Remote Code Execution","Microsoft Windows Server 2003 x64 Edition Service Pack 2","","Critical","Remote Code Execution",""
"20121113","CVE-2012-1527","2727528","Vulnerabilities in Windows Shell Could Allow Remote Code Execution","Microsoft Windows Server 2003 for Itanium-based Systems Service Pack 2","","Critical","Remote Code Execution",""
"20130108","CVE-2013-0001","2742596","Vulnerabilities in .NET Framework Could Allow Elevation of Privilege","Microsoft Windows Server 2003 for Itanium-based Systems Service Pack 2","Microsoft .NET Framework 2.0 Service Pack 2","Important","Elevation of Privilege",""
"20130108","CVE-2013-0001","2742596","Vulnerabilities in .NET Framework Could Allow Elevation of Privilege","Microsoft Windows Server 2003 x64 Edition Service Pack 2","Microsoft .NET Framework 2.0 Service Pack 2","Important","Elevation of Privilege",""
"20130108","CVE-2013-0001","2742595","Vulnerabilities in .NET Framework Could Allow Elevation of Privilege","Microsoft Windows Server 2003 for Itanium-based Systems Service Pack 2","Microsoft .NET Framework 4","Important","Elevation of Privilege",""
"20130108","CVE-2013-0001","2742595","Vulnerabilities in .NET Framework Could Allow Elevation of Privilege","Microsoft Windows Server 2003 x64 Edition Service Pack 2","Microsoft .NET Framework 4","Important","Elevation of Privilege",""
"20130108","CVE-2013-0001","2756918","Vulnerabilities in .NET Framework Could Allow Elevation of Privilege","Microsoft Windows Server 2003 x64 Edition Service Pack 2","Microsoft .NET Framework 3.0 Service Pack 2","Important","Elevation of Privilege",""
"20140610","CVE-2014-1791","2957689","Cumulative Security Update for Internet Explorer","Microsoft Windows Server 2003 x64 Edition Service Pack 2","Windows Internet Explorer 7","Critical","Remote Code Execution","https://exploit-db.com/exploits/34010"
"20140610","CVE-2014-1791","2957689","Cumulative Security Update for Internet Explorer","Microsoft Windows Server 2003 for Itanium-based Systems Service Pack 2","Windows Internet Explorer 7","Critical","Remote Code Execution","https://exploit-db.com/exploits/34010"
"20140610","CVE-2014-1791","2957689","Cumulative Security Update for Internet Explorer","Microsoft Windows Server 2003 x64 Edition Service Pack 2","Windows Internet Explorer 8","Critical","Remote Code Execution","https://exploit-db.com/exploits/34010"
"20140610","CVE-2014-1791","2957689","Cumulative Security Update for Internet Explorer","Microsoft Windows Server 2003 x64 Edition Service Pack 2","Microsoft Internet Explorer 6.0","Critical","Remote Code Execution","https://exploit-db.com/exploits/34010"
"20140610","CVE-2014-1791","2957689","Cumulative Security Update for Internet Explorer","Microsoft Windows Server 2003 for Itanium-based Systems Service Pack 2","Microsoft Internet Explorer 6.0","Critical","Remote Code Execution","https://exploit-db.com/exploits/34010"
"20141111","CVE-2014-6332","3006226","Vulnerabilities in Windows OLE Could Allow Remote Code Execution","Microsoft Windows Server 2003 x64 Edition Service Pack 2","","Critical","Remote Code Execution","http://packetstormsecurity.com/files/134053/Avant-Browser-Lite-Ultimate-Remote-Code-Execution.html, http://packetstormsecurity.com/files/134061/The-World-Browser-3.0-Final-Remote-Code-Execution.html, http://packetstormsecurity.com/files/134062/HTML-Compiler-Remote-Code-Execution.html, http://packetstormsecurity.com/files/134064/Microsoft-Compiled-HTML-Help-Remote-Code-Execution.html, http://packetstormsecurity.com/files/134079/Winamp-Bento-Browser-Remote-Code-Execution.html, http://securityintelligence.com/ibm-x-force-researcher-finds-significant-vulnerability-in-microsoft-windows, https://forsec.nl/wp-content/uploads/2014/11/ms14_064_ie_olerce.rb_.txt, https://www.exploit-db.com/exploits/37668/, https://www.exploit-db.com/exploits/37800/, https://www.exploit-db.com/exploits/38500/, https://www.exploit-db.com/exploits/38512/, https://exploit-db.com/exploits/35229, https://exploit-db.com/exploits/35230, https://exploit-db.com/exploits/35308"
"20141111","CVE-2014-6332","3006226","Vulnerabilities in Windows OLE Could Allow Remote Code Execution","Microsoft Windows Server 2003 for Itanium-based Systems Service Pack 2","","Critical","Remote Code Execution","http://packetstormsecurity.com/files/134053/Avant-Browser-Lite-Ultimate-Remote-Code-Execution.html, http://packetstormsecurity.com/files/134061/The-World-Browser-3.0-Final-Remote-Code-Execution.html, http://packetstormsecurity.com/files/134062/HTML-Compiler-Remote-Code-Execution.html, http://packetstormsecurity.com/files/134064/Microsoft-Compiled-HTML-Help-Remote-Code-Execution.html, http://packetstormsecurity.com/files/134079/Winamp-Bento-Browser-Remote-Code-Execution.html, http://securityintelligence.com/ibm-x-force-researcher-finds-significant-vulnerability-in-microsoft-windows, https://forsec.nl/wp-content/uploads/2014/11/ms14_064_ie_olerce.rb_.txt, https://www.exploit-db.com/exploits/37668/, https://www.exploit-db.com/exploits/37800/, https://www.exploit-db.com/exploits/38500/, https://www.exploit-db.com/exploits/38512/, https://exploit-db.com/exploits/35229, https://exploit-db.com/exploits/35230, https://exploit-db.com/exploits/35308"
"20150714","CVE-2015-2401","3065822","Security Update for Internet Explorer","Microsoft Windows Server 2003 x64 Edition Service Pack 2","Microsoft Internet Explorer 6.0","Critical","Remote Code Execution",""
"20150714","CVE-2015-2401","3065822","Security Update for Internet Explorer","Microsoft Windows Server 2003 for Itanium-based Systems Service Pack 2","Microsoft Internet Explorer 6.0","Critical","Remote Code Execution",""
"20150714","CVE-2015-2401","3065822","Security Update for Internet Explorer","Microsoft Windows Server 2003 x64 Edition Service Pack 2","Windows Internet Explorer 7","Critical","Remote Code Execution",""
"20150714","CVE-2015-2401","3065822","Security Update for Internet Explorer","Microsoft Windows Server 2003 for Itanium-based Systems Service Pack 2","Windows Internet Explorer 7","Critical","Remote Code Execution",""
"20150714","CVE-2015-2401","3065822","Security Update for Internet Explorer","Microsoft Windows Server 2003 x64 Edition Service Pack 2","Windows Internet Explorer 8","Critical","Remote Code Execution",""
"20110809","CVE-2011-1977","2487367","Vulnerability in Microsoft Chart Control Could Allow Information Disclosure","Microsoft Windows Server 2003 x64 Edition Service Pack 2","Microsoft .NET Framework 4","Important","Information Disclosure",""
"20110809","CVE-2011-1977","2487367","Vulnerability in Microsoft Chart Control Could Allow Information Disclosure","Microsoft Windows Server 2003 for Itanium-based Systems Service Pack 2","Microsoft .NET Framework 4","Important","Information Disclosure",""
"20140610","CVE-2014-1781","2957689","Cumulative Security Update for Internet Explorer","Microsoft Windows Server 2003 x64 Edition Service Pack 2","Windows Internet Explorer 7","Critical","Remote Code Execution","https://exploit-db.com/exploits/34010"
"20140610","CVE-2014-1781","2957689","Cumulative Security Update for Internet Explorer","Microsoft Windows Server 2003 for Itanium-based Systems Service Pack 2","Windows Internet Explorer 7","Critical","Remote Code Execution","https://exploit-db.com/exploits/34010"
"20140610","CVE-2014-1781","2957689","Cumulative Security Update for Internet Explorer","Microsoft Windows Server 2003 x64 Edition Service Pack 2","Windows Internet Explorer 8","Critical","Remote Code Execution","https://exploit-db.com/exploits/34010"
"20140610","CVE-2014-1781","2957689","Cumulative Security Update for Internet Explorer","Microsoft Windows Server 2003 x64 Edition Service Pack 2","Microsoft Internet Explorer 6.0","Critical","Remote Code Execution","https://exploit-db.com/exploits/34010"
"20140610","CVE-2014-1781","2957689","Cumulative Security Update for Internet Explorer","Microsoft Windows Server 2003 for Itanium-based Systems Service Pack 2","Microsoft Internet Explorer 6.0","Critical","Remote Code Execution","https://exploit-db.com/exploits/34010"
"20140610","CVE-2014-1796","2957689","Cumulative Security Update for Internet Explorer","Microsoft Windows Server 2003 x64 Edition Service Pack 2","Windows Internet Explorer 7","Critical","Remote Code Execution","https://exploit-db.com/exploits/34010"
"20140610","CVE-2014-1796","2957689","Cumulative Security Update for Internet Explorer","Microsoft Windows Server 2003 for Itanium-based Systems Service Pack 2","Windows Internet Explorer 7","Critical","Remote Code Execution","https://exploit-db.com/exploits/34010"
"20140610","CVE-2014-1796","2957689","Cumulative Security Update for Internet Explorer","Microsoft Windows Server 2003 x64 Edition Service Pack 2","Windows Internet Explorer 8","Critical","Remote Code Execution","https://exploit-db.com/exploits/34010"
"20140610","CVE-2014-1796","2957689","Cumulative Security Update for Internet Explorer","Microsoft Windows Server 2003 x64 Edition Service Pack 2","Microsoft Internet Explorer 6.0","Critical","Remote Code Execution","https://exploit-db.com/exploits/34010"
"20140610","CVE-2014-1796","2957689","Cumulative Security Update for Internet Explorer","Microsoft Windows Server 2003 for Itanium-based Systems Service Pack 2","Microsoft Internet Explorer 6.0","Critical","Remote Code Execution","https://exploit-db.com/exploits/34010"
"20140610","CVE-2014-2760","2957689","Cumulative Security Update for Internet Explorer","Microsoft Windows Server 2003 x64 Edition Service Pack 2","Windows Internet Explorer 7","Critical","Remote Code Execution","https://exploit-db.com/exploits/34010"
"20140610","CVE-2014-2760","2957689","Cumulative Security Update for Internet Explorer","Microsoft Windows Server 2003 for Itanium-based Systems Service Pack 2","Windows Internet Explorer 7","Critical","Remote Code Execution","https://exploit-db.com/exploits/34010"
"20140610","CVE-2014-2760","2957689","Cumulative Security Update for Internet Explorer","Microsoft Windows Server 2003 x64 Edition Service Pack 2","Windows Internet Explorer 8","Critical","Remote Code Execution","https://exploit-db.com/exploits/34010"
"20140610","CVE-2014-2760","2957689","Cumulative Security Update for Internet Explorer","Microsoft Windows Server 2003 x64 Edition Service Pack 2","Microsoft Internet Explorer 6.0","Critical","Remote Code Execution","https://exploit-db.com/exploits/34010"
"20140610","CVE-2014-2760","2957689","Cumulative Security Update for Internet Explorer","Microsoft Windows Server 2003 for Itanium-based Systems Service Pack 2","Microsoft Internet Explorer 6.0","Critical","Remote Code Execution","https://exploit-db.com/exploits/34010"
"20140812","CVE-2014-2821","2976627","Cumulative Security Update for Internet Explorer","Microsoft Windows Server 2003 x64 Edition Service Pack 2","Microsoft Internet Explorer 6.0","Critical","Remote Code Execution",""
"20140812","CVE-2014-2821","2976627","Cumulative Security Update for Internet Explorer","Microsoft Windows Server 2003 for Itanium-based Systems Service Pack 2","Microsoft Internet Explorer 6.0","Critical","Remote Code Execution",""
"20140812","CVE-2014-2821","2976627","Cumulative Security Update for Internet Explorer","Microsoft Windows Server 2003 x64 Edition Service Pack 2","Windows Internet Explorer 7","Critical","Remote Code Execution",""
"20140812","CVE-2014-2821","2976627","Cumulative Security Update for Internet Explorer","Microsoft Windows Server 2003 for Itanium-based Systems Service Pack 2","Windows Internet Explorer 7","Critical","Remote Code Execution",""
"20140812","CVE-2014-2821","2976627","Cumulative Security Update for Internet Explorer","Microsoft Windows Server 2003 x64 Edition Service Pack 2","Windows Internet Explorer 8","Critical","Remote Code Execution",""
"20090811","CVE-2009-2494","973507","Vulnerabilities in Microsoft Active Template Library (ATL) Could Allow Remote Code Execution","Microsoft Windows Server 2003 x64 Edition Service Pack 2","Windows ATL Component","Critical","Remote Code Execution",""
"20090811","CVE-2009-2494","973507","Vulnerabilities in Microsoft Active Template Library (ATL) Could Allow Remote Code Execution","Microsoft Windows Server 2003 for Itanium-based Systems Service Pack 2","Windows ATL Component","Critical","Remote Code Execution",""
"20090811","CVE-2009-2494","973815","Vulnerabilities in Microsoft Active Template Library (ATL) Could Allow Remote Code Execution","Microsoft Windows Server 2003 x64 Edition Service Pack 2","Microsoft MSWebDVD ActiveX Control","Critical","Remote Code Execution",""
"20090811","CVE-2009-2494","973815","Vulnerabilities in Microsoft Active Template Library (ATL) Could Allow Remote Code Execution","Microsoft Windows Server 2003 for Itanium-based Systems Service Pack 2","Microsoft MSWebDVD ActiveX Control","Critical","Remote Code Execution",""
"20090811","CVE-2009-2494","973869","Vulnerabilities in Microsoft Active Template Library (ATL) Could Allow Remote Code Execution","Microsoft Windows Server 2003 x64 Edition Service Pack 2","DHTML Editing Component ActiveX Control","Critical","Remote Code Execution",""
"20090811","CVE-2009-2494","973869","Vulnerabilities in Microsoft Active Template Library (ATL) Could Allow Remote Code Execution","Microsoft Windows Server 2003 for Itanium-based Systems Service Pack 2","DHTML Editing Component ActiveX Control","Critical","Remote Code Execution",""
"20090811","CVE-2009-2494","973540","Vulnerabilities in Microsoft Active Template Library (ATL) Could Allow Remote Code Execution","Microsoft Windows Server 2003 x64 Edition Service Pack 2","Windows Media Player 10","Critical","Remote Code Execution",""
"20100928","CVE-2010-3332","2416468","Vulnerability in ASP.NET Could Allow Information Disclosure","Microsoft Windows Server 2003 x64 Edition Service Pack 2","Microsoft .NET Framework 3.5","Important","Information Disclosure","http://www.mono-project.com/Vulnerabilities#ASP.NET_Padding_Oracle, http://www.troyhunt.com/2010/09/fear-uncertainty-and-and-padding-oracle.html, https://exploit-db.com/exploits/15213, https://exploit-db.com/exploits/15265, https://exploit-db.com/exploits/15292"
"20100928","CVE-2010-3332","2416468","Vulnerability in ASP.NET Could Allow Information Disclosure","Microsoft Windows Server 2003 for Itanium-based Systems Service Pack 2","Microsoft .NET Framework 3.5","Important","Information Disclosure","http://www.mono-project.com/Vulnerabilities#ASP.NET_Padding_Oracle, http://www.troyhunt.com/2010/09/fear-uncertainty-and-and-padding-oracle.html, https://exploit-db.com/exploits/15213, https://exploit-db.com/exploits/15265, https://exploit-db.com/exploits/15292"
"20100928","CVE-2010-3332","2418240","Vulnerability in ASP.NET Could Allow Information Disclosure","Microsoft Windows Server 2003 x64 Edition Service Pack 2","Microsoft .NET Framework 3.5","Important","Information Disclosure","http://www.mono-project.com/Vulnerabilities#ASP.NET_Padding_Oracle, http://www.troyhunt.com/2010/09/fear-uncertainty-and-and-padding-oracle.html, https://exploit-db.com/exploits/15213, https://exploit-db.com/exploits/15265, https://exploit-db.com/exploits/15292"
"20100928","CVE-2010-3332","2418240","Vulnerability in ASP.NET Could Allow Information Disclosure","Microsoft Windows Server 2003 for Itanium-based Systems Service Pack 2","Microsoft .NET Framework 3.5","Important","Information Disclosure","http://www.mono-project.com/Vulnerabilities#ASP.NET_Padding_Oracle, http://www.troyhunt.com/2010/09/fear-uncertainty-and-and-padding-oracle.html, https://exploit-db.com/exploits/15213, https://exploit-db.com/exploits/15265, https://exploit-db.com/exploits/15292"
"20150714","CVE-2015-2403","3065822","Security Update for Internet Explorer","Microsoft Windows Server 2003 x64 Edition Service Pack 2","Microsoft Internet Explorer 6.0","Critical","Remote Code Execution",""
"20150714","CVE-2015-2403","3065822","Security Update for Internet Explorer","Microsoft Windows Server 2003 for Itanium-based Systems Service Pack 2","Microsoft Internet Explorer 6.0","Critical","Remote Code Execution",""
"20150714","CVE-2015-2403","3065822","Security Update for Internet Explorer","Microsoft Windows Server 2003 x64 Edition Service Pack 2","Windows Internet Explorer 7","Critical","Remote Code Execution",""
"20150714","CVE-2015-2403","3065822","Security Update for Internet Explorer","Microsoft Windows Server 2003 for Itanium-based Systems Service Pack 2","Windows Internet Explorer 7","Critical","Remote Code Execution",""
"20150714","CVE-2015-2403","3065822","Security Update for Internet Explorer","Microsoft Windows Server 2003 x64 Edition Service Pack 2","Windows Internet Explorer 8","Critical","Remote Code Execution",""
"20090414","CVE-2009-0089","960803","Vulnerabilities in Windows HTTP Services Could Allow Remote Code Execution","Microsoft Windows Server 2003 x64 Edition","","Critical","Remote Code Execution",""
"20090414","CVE-2009-0089","960803","Vulnerabilities in Windows HTTP Services Could Allow Remote Code Execution","Microsoft Windows Server 2003 x64 Edition Service Pack 2","","Critical","Remote Code Execution",""
"20090414","CVE-2009-0089","960803","Vulnerabilities in Windows HTTP Services Could Allow Remote Code Execution","Microsoft Windows Server 2003 for Itanium-based Systems Service Pack 1","","Critical","Remote Code Execution",""
"20090414","CVE-2009-0089","960803","Vulnerabilities in Windows HTTP Services Could Allow Remote Code Execution","Microsoft Windows Server 2003 for Itanium-based Systems Service Pack 2","","Critical","Remote Code Execution",""
"20110208","CVE-2010-4398","2393802","Vulnerabilities in Windows Kernel Could Allow Elevation of Privilege","Microsoft Windows Server 2003 x64 Edition Service Pack 2","","Important","Elevation of Privilege","http://isc.sans.edu/diary.html?storyid=9988, http://www.exploit-db.com/bypassing-uac-with-user-privilege-under-windows-vista7-mirror/, http://www.exploit-db.com/exploits/15609/"
"20110208","CVE-2010-4398","2393802","Vulnerabilities in Windows Kernel Could Allow Elevation of Privilege","Microsoft Windows Server 2003 for Itanium-based Systems Service Pack 2","","Important","Elevation of Privilege","http://isc.sans.edu/diary.html?storyid=9988, http://www.exploit-db.com/bypassing-uac-with-user-privilege-under-windows-vista7-mirror/, http://www.exploit-db.com/exploits/15609/"
"20081209","CVE-2008-3010","952069","Vulnerabilities in Windows Media Components Could Allow Remote Code Execution","Microsoft Windows Server 2003 x64 Edition","Windows Media Format Runtime 9.5","Important","Remote Code Execution",""
"20081209","CVE-2008-3010","952069","Vulnerabilities in Windows Media Components Could Allow Remote Code Execution","Microsoft Windows Server 2003 x64 Edition Service Pack 2","Windows Media Format Runtime 9.5","Important","Remote Code Execution",""
"20081209","CVE-2008-3010","952069","Vulnerabilities in Windows Media Components Could Allow Remote Code Execution","Microsoft Windows Server 2003 x64 Edition","Windows Media Format Runtime","Important","Remote Code Execution",""
"20081209","CVE-2008-3010","952069","Vulnerabilities in Windows Media Components Could Allow Remote Code Execution","Microsoft Windows Server 2003 x64 Edition Service Pack 2","Windows Media Format Runtime","Important","Remote Code Execution",""
"20110111","CVE-2011-0027","2419635","Vulnerabilities in Microsoft Data Access Components Could Allow Remote Code Execution","Microsoft Windows Server 2003 x64 Edition Service Pack 2","Microsoft Data Access Components 2.8 Service Pack 2","Critical","Remote Code Execution","https://exploit-db.com/exploits/15984"
"20110111","CVE-2011-0027","2419635","Vulnerabilities in Microsoft Data Access Components Could Allow Remote Code Execution","Microsoft Windows Server 2003 for Itanium-based Systems Service Pack 2","Microsoft Data Access Components 2.8 Service Pack 2","Critical","Remote Code Execution","https://exploit-db.com/exploits/15984"
"20091013","CVE-2009-2527","974112","Vulnerability in Windows Media Player Could Allow Remote Code Execution","Microsoft Windows Server 2003 x64 Edition Service Pack 2","Microsoft Windows Media Player 6.4","Critical","Remote Code Execution",""
"20100413","CVE-2010-0024","976323","Vulnerabilities in Microsoft Exchange and Windows SMTP Service Could Allow Denial of Service","Microsoft Windows Server 2003 x64 Edition Service Pack 2","","Important","Denial of Service",""
"20100413","CVE-2010-0024","976323","Vulnerabilities in Microsoft Exchange and Windows SMTP Service Could Allow Denial of Service","Microsoft Windows Server 2003 for Itanium-based Systems Service Pack 2","","Important","Denial of Service",""
"20140610","CVE-2014-2770","2957689","Cumulative Security Update for Internet Explorer","Microsoft Windows Server 2003 x64 Edition Service Pack 2","Windows Internet Explorer 7","Critical","Remote Code Execution","https://exploit-db.com/exploits/34010"
"20140610","CVE-2014-2770","2957689","Cumulative Security Update for Internet Explorer","Microsoft Windows Server 2003 for Itanium-based Systems Service Pack 2","Windows Internet Explorer 7","Critical","Remote Code Execution","https://exploit-db.com/exploits/34010"
"20140610","CVE-2014-2770","2957689","Cumulative Security Update for Internet Explorer","Microsoft Windows Server 2003 x64 Edition Service Pack 2","Windows Internet Explorer 8","Critical","Remote Code Execution","https://exploit-db.com/exploits/34010"
"20140610","CVE-2014-2770","2957689","Cumulative Security Update for Internet Explorer","Microsoft Windows Server 2003 x64 Edition Service Pack 2","Microsoft Internet Explorer 6.0","Critical","Remote Code Execution","https://exploit-db.com/exploits/34010"
"20140610","CVE-2014-2770","2957689","Cumulative Security Update for Internet Explorer","Microsoft Windows Server 2003 for Itanium-based Systems Service Pack 2","Microsoft Internet Explorer 6.0","Critical","Remote Code Execution","https://exploit-db.com/exploits/34010"
"20140610","CVE-2014-1772","2957689","Cumulative Security Update for Internet Explorer","Microsoft Windows Server 2003 x64 Edition Service Pack 2","Windows Internet Explorer 7","Critical","Remote Code Execution","https://exploit-db.com/exploits/34010"
"20140610","CVE-2014-1772","2957689","Cumulative Security Update for Internet Explorer","Microsoft Windows Server 2003 for Itanium-based Systems Service Pack 2","Windows Internet Explorer 7","Critical","Remote Code Execution","https://exploit-db.com/exploits/34010"
"20140610","CVE-2014-1772","2957689","Cumulative Security Update for Internet Explorer","Microsoft Windows Server 2003 x64 Edition Service Pack 2","Windows Internet Explorer 8","Critical","Remote Code Execution","https://exploit-db.com/exploits/34010"
"20140610","CVE-2014-1772","2957689","Cumulative Security Update for Internet Explorer","Microsoft Windows Server 2003 x64 Edition Service Pack 2","Microsoft Internet Explorer 6.0","Critical","Remote Code Execution","https://exploit-db.com/exploits/34010"
"20140610","CVE-2014-1772","2957689","Cumulative Security Update for Internet Explorer","Microsoft Windows Server 2003 for Itanium-based Systems Service Pack 2","Microsoft Internet Explorer 6.0","Critical","Remote Code Execution","https://exploit-db.com/exploits/34010"
"20140610","CVE-2014-2761","2957689","Cumulative Security Update for Internet Explorer","Microsoft Windows Server 2003 x64 Edition Service Pack 2","Windows Internet Explorer 7","Critical","Remote Code Execution","https://exploit-db.com/exploits/34010"
"20140610","CVE-2014-2761","2957689","Cumulative Security Update for Internet Explorer","Microsoft Windows Server 2003 for Itanium-based Systems Service Pack 2","Windows Internet Explorer 7","Critical","Remote Code Execution","https://exploit-db.com/exploits/34010"
"20140610","CVE-2014-2761","2957689","Cumulative Security Update for Internet Explorer","Microsoft Windows Server 2003 x64 Edition Service Pack 2","Windows Internet Explorer 8","Critical","Remote Code Execution","https://exploit-db.com/exploits/34010"
"20140610","CVE-2014-2761","2957689","Cumulative Security Update for Internet Explorer","Microsoft Windows Server 2003 x64 Edition Service Pack 2","Microsoft Internet Explorer 6.0","Critical","Remote Code Execution","https://exploit-db.com/exploits/34010"
"20140610","CVE-2014-2761","2957689","Cumulative Security Update for Internet Explorer","Microsoft Windows Server 2003 for Itanium-based Systems Service Pack 2","Microsoft Internet Explorer 6.0","Critical","Remote Code Execution","https://exploit-db.com/exploits/34010"
"20120921","CVE-2012-2548","2744842","Cumulative Security Update for Internet Explorer","Microsoft Windows Server 2003 for Itanium-based Systems Service Pack 2","Microsoft Internet Explorer 6.0","Critical","Remote Code Execution",""
"20120921","CVE-2012-2548","2744842","Cumulative Security Update for Internet Explorer","Microsoft Windows Server 2003 x64 Edition Service Pack 2","Microsoft Internet Explorer 6.0","Critical","Remote Code Execution",""
"20120921","CVE-2012-2548","2744842","Cumulative Security Update for Internet Explorer","Microsoft Windows Server 2003 for Itanium-based Systems Service Pack 2","Windows Internet Explorer 7","Critical","Remote Code Execution",""
"20120921","CVE-2012-2548","2744842","Cumulative Security Update for Internet Explorer","Microsoft Windows Server 2003 x64 Edition Service Pack 2","Windows Internet Explorer 7","Critical","Remote Code Execution",""
"20120921","CVE-2012-2548","2744842","Cumulative Security Update for Internet Explorer","Microsoft Windows Server 2003 x64 Edition Service Pack 2","Windows Internet Explorer 8","Critical","Remote Code Execution",""
"20140610","CVE-2014-2782","2957689","Cumulative Security Update for Internet Explorer","Microsoft Windows Server 2003 x64 Edition Service Pack 2","Windows Internet Explorer 7","Critical","Remote Code Execution","https://exploit-db.com/exploits/34010"
"20140610","CVE-2014-2782","2957689","Cumulative Security Update for Internet Explorer","Microsoft Windows Server 2003 for Itanium-based Systems Service Pack 2","Windows Internet Explorer 7","Critical","Remote Code Execution","https://exploit-db.com/exploits/34010"
"20140610","CVE-2014-2782","2957689","Cumulative Security Update for Internet Explorer","Microsoft Windows Server 2003 x64 Edition Service Pack 2","Windows Internet Explorer 8","Critical","Remote Code Execution","https://exploit-db.com/exploits/34010"
"20140610","CVE-2014-2782","2957689","Cumulative Security Update for Internet Explorer","Microsoft Windows Server 2003 x64 Edition Service Pack 2","Microsoft Internet Explorer 6.0","Critical","Remote Code Execution","https://exploit-db.com/exploits/34010"
"20140610","CVE-2014-2782","2957689","Cumulative Security Update for Internet Explorer","Microsoft Windows Server 2003 for Itanium-based Systems Service Pack 2","Microsoft Internet Explorer 6.0","Critical","Remote Code Execution","https://exploit-db.com/exploits/34010"
"20150414","CVE-2015-1643","3045999","Vulnerabilities in Microsoft Windows Could Allow Elevation of Privilege","Microsoft Windows Server 2003 x64 Edition Service Pack 2","","Important","Elevation of Privilege",""
"20150414","CVE-2015-1643","3045999","Vulnerabilities in Microsoft Windows Could Allow Elevation of Privilege","Microsoft Windows Server 2003 for Itanium-based Systems Service Pack 2","","Important","Elevation of Privilege",""
"20140610","CVE-2014-1782","2957689","Cumulative Security Update for Internet Explorer","Microsoft Windows Server 2003 x64 Edition Service Pack 2","Windows Internet Explorer 7","Critical","Remote Code Execution","https://exploit-db.com/exploits/34010"
"20140610","CVE-2014-1782","2957689","Cumulative Security Update for Internet Explorer","Microsoft Windows Server 2003 for Itanium-based Systems Service Pack 2","Windows Internet Explorer 7","Critical","Remote Code Execution","https://exploit-db.com/exploits/34010"
"20140610","CVE-2014-1782","2957689","Cumulative Security Update for Internet Explorer","Microsoft Windows Server 2003 x64 Edition Service Pack 2","Windows Internet Explorer 8","Critical","Remote Code Execution","https://exploit-db.com/exploits/34010"
"20140610","CVE-2014-1782","2957689","Cumulative Security Update for Internet Explorer","Microsoft Windows Server 2003 x64 Edition Service Pack 2","Microsoft Internet Explorer 6.0","Critical","Remote Code Execution","https://exploit-db.com/exploits/34010"
"20140610","CVE-2014-1782","2957689","Cumulative Security Update for Internet Explorer","Microsoft Windows Server 2003 for Itanium-based Systems Service Pack 2","Microsoft Internet Explorer 6.0","Critical","Remote Code Execution","https://exploit-db.com/exploits/34010"
"20141111","CVE-2014-4076","2989935","Vulnerability in TCP/IP Could Allow Elevation of Privilege","Microsoft Windows Server 2003 for Itanium-based Systems Service Pack 2","","Important","Elevation of Privilege","http://www.exploit-db.com/exploits/35936, https://exploit-db.com/exploits/37755"
"20141111","CVE-2014-4076","2989935","Vulnerability in TCP/IP Could Allow Elevation of Privilege","Microsoft Windows Server 2003 x64 Edition Service Pack 2","","Important","Elevation of Privilege","http://www.exploit-db.com/exploits/35936, https://exploit-db.com/exploits/37755"
"20140812","CVE-2014-2822","2976627","Cumulative Security Update for Internet Explorer","Microsoft Windows Server 2003 x64 Edition Service Pack 2","Microsoft Internet Explorer 6.0","Critical","Remote Code Execution",""
"20140812","CVE-2014-2822","2976627","Cumulative Security Update for Internet Explorer","Microsoft Windows Server 2003 for Itanium-based Systems Service Pack 2","Microsoft Internet Explorer 6.0","Critical","Remote Code Execution",""
"20140812","CVE-2014-2822","2976627","Cumulative Security Update for Internet Explorer","Microsoft Windows Server 2003 x64 Edition Service Pack 2","Windows Internet Explorer 7","Critical","Remote Code Execution",""
"20140812","CVE-2014-2822","2976627","Cumulative Security Update for Internet Explorer","Microsoft Windows Server 2003 for Itanium-based Systems Service Pack 2","Windows Internet Explorer 7","Critical","Remote Code Execution",""
"20140812","CVE-2014-2822","2976627","Cumulative Security Update for Internet Explorer","Microsoft Windows Server 2003 x64 Edition Service Pack 2","Windows Internet Explorer 8","Critical","Remote Code Execution",""
"20131112","CVE-2013-3940","2876331","Vulnerability in Windows Graphics Device Interface Could Allow Remote Code Execution","Microsoft Windows Server 2003 x64 Edition Service Pack 2","","Critical","Remote Code Execution",""
"20131112","CVE-2013-3940","2876331","Vulnerability in Windows Graphics Device Interface Could Allow Remote Code Execution","Microsoft Windows Server 2003 for Itanium-based Systems Service Pack 2","","Critical","Remote Code Execution",""
"20130108","CVE-2013-0002","2742596","Vulnerabilities in .NET Framework Could Allow Elevation of Privilege","Microsoft Windows Server 2003 for Itanium-based Systems Service Pack 2","Microsoft .NET Framework 2.0 Service Pack 2","Important","Elevation of Privilege",""
"20130108","CVE-2013-0002","2742596","Vulnerabilities in .NET Framework Could Allow Elevation of Privilege","Microsoft Windows Server 2003 x64 Edition Service Pack 2","Microsoft .NET Framework 2.0 Service Pack 2","Important","Elevation of Privilege",""
"20130108","CVE-2013-0002","2742595","Vulnerabilities in .NET Framework Could Allow Elevation of Privilege","Microsoft Windows Server 2003 for Itanium-based Systems Service Pack 2","Microsoft .NET Framework 4","Important","Elevation of Privilege",""
"20130108","CVE-2013-0002","2742595","Vulnerabilities in .NET Framework Could Allow Elevation of Privilege","Microsoft Windows Server 2003 x64 Edition Service Pack 2","Microsoft .NET Framework 4","Important","Elevation of Privilege",""
"20130108","CVE-2013-0002","2756918","Vulnerabilities in .NET Framework Could Allow Elevation of Privilege","Microsoft Windows Server 2003 x64 Edition Service Pack 2","Microsoft .NET Framework 3.0 Service Pack 2","Important","Elevation of Privilege",""
"20110614","CVE-2011-1271","2530095","Vulnerability in .NET Framework Could Allow Remote Code Execution","Microsoft Windows Server 2003 x64 Edition Service Pack 2","Microsoft .NET Framework 3.5","Critical","Remote Code Execution","http://stackoverflow.com/questions/2135509/bug-only-occurring-when-compile-optimization-enabled/, https://exploit-db.com/exploits/35740"
"20110614","CVE-2011-1271","2530095","Vulnerability in .NET Framework Could Allow Remote Code Execution","Microsoft Windows Server 2003 for Itanium-based Systems Service Pack 2","Microsoft .NET Framework 3.5","Critical","Remote Code Execution","http://stackoverflow.com/questions/2135509/bug-only-occurring-when-compile-optimization-enabled/, https://exploit-db.com/exploits/35740"
"20140812","CVE-2014-4145","2976627","Cumulative Security Update for Internet Explorer","Microsoft Windows Server 2003 x64 Edition Service Pack 2","Microsoft Internet Explorer 6.0","Critical","Remote Code Execution",""
"20140812","CVE-2014-4145","2976627","Cumulative Security Update for Internet Explorer","Microsoft Windows Server 2003 for Itanium-based Systems Service Pack 2","Microsoft Internet Explorer 6.0","Critical","Remote Code Execution",""
"20140812","CVE-2014-4145","2976627","Cumulative Security Update for Internet Explorer","Microsoft Windows Server 2003 x64 Edition Service Pack 2","Windows Internet Explorer 7","Critical","Remote Code Execution",""
"20140812","CVE-2014-4145","2976627","Cumulative Security Update for Internet Explorer","Microsoft Windows Server 2003 for Itanium-based Systems Service Pack 2","Windows Internet Explorer 7","Critical","Remote Code Execution",""
"20140812","CVE-2014-4145","2976627","Cumulative Security Update for Internet Explorer","Microsoft Windows Server 2003 x64 Edition Service Pack 2","Windows Internet Explorer 8","Critical","Remote Code Execution",""
"20110913","CVE-2011-1984","2571621","Vulnerability in WINS Could Allow Elevation of Privilege","Microsoft Windows Server 2003 x64 Edition Service Pack 2","","Important","Elevation of Privilege","https://exploit-db.com/exploits/17831"
"20110913","CVE-2011-1984","2571621","Vulnerability in WINS Could Allow Elevation of Privilege","Microsoft Windows Server 2003 for Itanium-based Systems Service Pack 2","","Important","Elevation of Privilege","https://exploit-db.com/exploits/17831"
"20131210","CVE-2013-3900","2893294","Vulnerability in Windows Could Allow Remote Code Execution","Microsoft Windows Server 2003 x64 Edition Service Pack 2","","Critical","Remote Code Execution",""
"20131210","CVE-2013-3900","2893294","Vulnerability in Windows Could Allow Remote Code Execution","Microsoft Windows Server 2003 for Itanium-based Systems Service Pack 2","","Critical","Remote Code Execution",""
"20150714","CVE-2015-2365","3070102","Vulnerabilities in Windows Kernel-Mode Driver Could Allow Elevation of Privilege","Microsoft Windows Server 2003 x64 Edition Service Pack 2","","Important","Elevation of Privilege","https://exploit-db.com/exploits/38267"
"20150714","CVE-2015-2365","3070102","Vulnerabilities in Windows Kernel-Mode Driver Could Allow Elevation of Privilege","Microsoft Windows Server 2003 for Itanium-based Systems Service Pack 2","","Important","Elevation of Privilege","https://exploit-db.com/exploits/38267"
"20111011","CVE-2011-1247","2564958","Vulnerability in Microsoft Active Accessibility Could Allow Remote Code Execution","Microsoft Windows Server 2003 x64 Edition Service Pack 2","","Important","Remote Code Execution",""
"20111011","CVE-2011-1247","2605295","Vulnerability in Microsoft Active Accessibility Could Allow Remote Code Execution","Microsoft Windows Server 2003 for Itanium-based Systems Service Pack 2","","Important","Remote Code Execution",""
"20120508","CVE-2012-0180","2676562","Combined Security Update for Microsoft Office, Windows, .NET Framework, and Silverlight","Microsoft Windows Server 2003 for Itanium-based Systems Service Pack 2","","Critical","Remote Code Execution",""
"20120508","CVE-2012-0180","2676562","Combined Security Update for Microsoft Office, Windows, .NET Framework, and Silverlight","Microsoft Windows Server 2003 x64 Edition Service Pack 2","","Critical","Remote Code Execution",""
"20120508","CVE-2012-0180","2659262","Combined Security Update for Microsoft Office, Windows, .NET Framework, and Silverlight","Microsoft Windows Server 2003 for Itanium-based Systems Service Pack 2","","Critical","Remote Code Execution",""
"20120508","CVE-2012-0180","2659262","Combined Security Update for Microsoft Office, Windows, .NET Framework, and Silverlight","Microsoft Windows Server 2003 x64 Edition Service Pack 2","","Critical","Remote Code Execution",""
"20120508","CVE-2012-0180","2686509","Combined Security Update for Microsoft Office, Windows, .NET Framework, and Silverlight","Microsoft Windows Server 2003 for Itanium-based Systems Service Pack 2","","Critical","Remote Code Execution",""
"20120508","CVE-2012-0180","2686509","Combined Security Update for Microsoft Office, Windows, .NET Framework, and Silverlight","Microsoft Windows Server 2003 x64 Edition Service Pack 2","","Critical","Remote Code Execution",""
"20130709","CVE-2013-3171","2833941","Vulnerabilities in .NET Framework and Silverlight Could Allow Remote Code Execution","Microsoft Windows Server 2003 x64 Edition Service Pack 2","Microsoft .NET Framework 1.1 Service Pack 1","Critical","Remote Code Execution",""
"20130709","CVE-2013-3171","2840628","Vulnerabilities in .NET Framework and Silverlight Could Allow Remote Code Execution","Microsoft Windows Server 2003 for Itanium-based Systems Service Pack 2","Microsoft .NET Framework 4","Critical","Remote Code Execution",""
"20130709","CVE-2013-3171","2840629","Vulnerabilities in .NET Framework and Silverlight Could Allow Remote Code Execution","Microsoft Windows Server 2003 for Itanium-based Systems Service Pack 2","Microsoft .NET Framework 3.5 Service Pack 1","Critical","Remote Code Execution",""
"20130709","CVE-2013-3171","2840629","Vulnerabilities in .NET Framework and Silverlight Could Allow Remote Code Execution","Microsoft Windows Server 2003 x64 Edition Service Pack 2","Microsoft .NET Framework 3.5 Service Pack 1","Critical","Remote Code Execution",""
"20130709","CVE-2013-3171","2840628","Vulnerabilities in .NET Framework and Silverlight Could Allow Remote Code Execution","Microsoft Windows Server 2003 x64 Edition Service Pack 2","Microsoft .NET Framework 4","Critical","Remote Code Execution",""
"20130709","CVE-2013-3171","2844285","Vulnerabilities in .NET Framework and Silverlight Could Allow Remote Code Execution","Microsoft Windows Server 2003 for Itanium-based Systems Service Pack 2","Microsoft .NET Framework 2.0 Service Pack 2","Critical","Remote Code Execution",""
"20130709","CVE-2013-3171","2833941","Vulnerabilities in .NET Framework and Silverlight Could Allow Remote Code Execution","Microsoft Windows Server 2003 for Itanium-based Systems Service Pack 2","Microsoft .NET Framework 1.1 Service Pack 1","Critical","Remote Code Execution",""
"20140812","CVE-2014-6354","2976627","Cumulative Security Update for Internet Explorer","Microsoft Windows Server 2003 x64 Edition Service Pack 2","Microsoft Internet Explorer 6.0","Critical","Remote Code Execution",""
"20140812","CVE-2014-6354","2976627","Cumulative Security Update for Internet Explorer","Microsoft Windows Server 2003 for Itanium-based Systems Service Pack 2","Microsoft Internet Explorer 6.0","Critical","Remote Code Execution",""
"20140812","CVE-2014-6354","2976627","Cumulative Security Update for Internet Explorer","Microsoft Windows Server 2003 x64 Edition Service Pack 2","Windows Internet Explorer 7","Critical","Remote Code Execution",""
"20140812","CVE-2014-6354","2976627","Cumulative Security Update for Internet Explorer","Microsoft Windows Server 2003 for Itanium-based Systems Service Pack 2","Windows Internet Explorer 7","Critical","Remote Code Execution",""
"20140812","CVE-2014-6354","2976627","Cumulative Security Update for Internet Explorer","Microsoft Windows Server 2003 x64 Edition Service Pack 2","Windows Internet Explorer 8","Critical","Remote Code Execution",""
"20140812","CVE-2014-2808","2976627","Cumulative Security Update for Internet Explorer","Microsoft Windows Server 2003 x64 Edition Service Pack 2","Microsoft Internet Explorer 6.0","Critical","Remote Code Execution",""
"20140812","CVE-2014-2808","2976627","Cumulative Security Update for Internet Explorer","Microsoft Windows Server 2003 for Itanium-based Systems Service Pack 2","Microsoft Internet Explorer 6.0","Critical","Remote Code Execution",""
"20140812","CVE-2014-2808","2976627","Cumulative Security Update for Internet Explorer","Microsoft Windows Server 2003 x64 Edition Service Pack 2","Windows Internet Explorer 7","Critical","Remote Code Execution",""
"20140812","CVE-2014-2808","2976627","Cumulative Security Update for Internet Explorer","Microsoft Windows Server 2003 for Itanium-based Systems Service Pack 2","Windows Internet Explorer 7","Critical","Remote Code Execution",""
"20140812","CVE-2014-2808","2976627","Cumulative Security Update for Internet Explorer","Microsoft Windows Server 2003 x64 Edition Service Pack 2","Windows Internet Explorer 8","Critical","Remote Code Execution",""
"20140812","CVE-2014-2823","2976627","Cumulative Security Update for Internet Explorer","Microsoft Windows Server 2003 x64 Edition Service Pack 2","Microsoft Internet Explorer 6.0","Critical","Remote Code Execution",""
"20140812","CVE-2014-2823","2976627","Cumulative Security Update for Internet Explorer","Microsoft Windows Server 2003 for Itanium-based Systems Service Pack 2","Microsoft Internet Explorer 6.0","Critical","Remote Code Execution",""
"20140812","CVE-2014-2823","2976627","Cumulative Security Update for Internet Explorer","Microsoft Windows Server 2003 x64 Edition Service Pack 2","Windows Internet Explorer 7","Critical","Remote Code Execution",""
"20140812","CVE-2014-2823","2976627","Cumulative Security Update for Internet Explorer","Microsoft Windows Server 2003 for Itanium-based Systems Service Pack 2","Windows Internet Explorer 7","Critical","Remote Code Execution",""
"20140812","CVE-2014-2823","2976627","Cumulative Security Update for Internet Explorer","Microsoft Windows Server 2003 x64 Edition Service Pack 2","Windows Internet Explorer 8","Critical","Remote Code Execution",""
"20120110","CVE-2012-0005","2646524","Vulnerability in Windows Client/Server Run-time Subsystem Could Allow Elevation of Privilege","Microsoft Windows Server 2003 x64 Edition Service Pack 2","","Important","Elevation of Privilege",""
"20120110","CVE-2012-0005","2646524","Vulnerability in Windows Client/Server Run-time Subsystem Could Allow Elevation of Privilege","Microsoft Windows Server 2003 for Itanium-based Systems Service Pack 2","","Important","Elevation of Privilege",""
"20140812","CVE-2014-4058","2976627","Cumulative Security Update for Internet Explorer","Microsoft Windows Server 2003 x64 Edition Service Pack 2","Microsoft Internet Explorer 6.0","Critical","Remote Code Execution",""
"20140812","CVE-2014-4058","2976627","Cumulative Security Update for Internet Explorer","Microsoft Windows Server 2003 for Itanium-based Systems Service Pack 2","Microsoft Internet Explorer 6.0","Critical","Remote Code Execution",""
"20140812","CVE-2014-4058","2976627","Cumulative Security Update for Internet Explorer","Microsoft Windows Server 2003 x64 Edition Service Pack 2","Windows Internet Explorer 7","Critical","Remote Code Execution",""
"20140812","CVE-2014-4058","2976627","Cumulative Security Update for Internet Explorer","Microsoft Windows Server 2003 for Itanium-based Systems Service Pack 2","Windows Internet Explorer 7","Critical","Remote Code Execution",""
"20140812","CVE-2014-4058","2976627","Cumulative Security Update for Internet Explorer","Microsoft Windows Server 2003 x64 Edition Service Pack 2","Windows Internet Explorer 8","Critical","Remote Code Execution",""
"20100914","CVE-2010-2738","981322","Vulnerability in Unicode Scripts Processor Could Allow Remote Code Execution","Microsoft Windows Server 2003 x64 Edition Service Pack 2","","Critical","Remote Code Execution","https://exploit-db.com/exploits/15158"
"20100914","CVE-2010-2738","981322","Vulnerability in Unicode Scripts Processor Could Allow Remote Code Execution","Microsoft Windows Server 2003 for Itanium-based Systems Service Pack 2","","Critical","Remote Code Execution","https://exploit-db.com/exploits/15158"
"20150113","CVE-2015-0006","3022777","Vulnerability in Network Location Awareness Service Could Allow Security Feature Bypass","Microsoft Windows Server 2003 x64 Edition Service Pack 2","","Important","Security Feature Bypass",""
"20150113","CVE-2015-0006","3022777","Vulnerability in Network Location Awareness Service Could Allow Security Feature Bypass","Microsoft Windows Server 2003 for Itanium-based Systems Service Pack 2","","Important","Security Feature Bypass",""
"20140610","CVE-2014-2765","2957689","Cumulative Security Update for Internet Explorer","Microsoft Windows Server 2003 x64 Edition Service Pack 2","Windows Internet Explorer 7","Critical","Remote Code Execution","https://exploit-db.com/exploits/34010"
"20140610","CVE-2014-2765","2957689","Cumulative Security Update for Internet Explorer","Microsoft Windows Server 2003 for Itanium-based Systems Service Pack 2","Windows Internet Explorer 7","Critical","Remote Code Execution","https://exploit-db.com/exploits/34010"
"20140610","CVE-2014-2765","2957689","Cumulative Security Update for Internet Explorer","Microsoft Windows Server 2003 x64 Edition Service Pack 2","Windows Internet Explorer 8","Critical","Remote Code Execution","https://exploit-db.com/exploits/34010"
"20140610","CVE-2014-2765","2957689","Cumulative Security Update for Internet Explorer","Microsoft Windows Server 2003 x64 Edition Service Pack 2","Microsoft Internet Explorer 6.0","Critical","Remote Code Execution","https://exploit-db.com/exploits/34010"
"20140610","CVE-2014-2765","2957689","Cumulative Security Update for Internet Explorer","Microsoft Windows Server 2003 for Itanium-based Systems Service Pack 2","Microsoft Internet Explorer 6.0","Critical","Remote Code Execution","https://exploit-db.com/exploits/34010"
"20130709","CVE-2013-3134","2833941","Vulnerabilities in .NET Framework and Silverlight Could Allow Remote Code Execution","Microsoft Windows Server 2003 x64 Edition Service Pack 2","Microsoft .NET Framework 1.1 Service Pack 1","Critical","Remote Code Execution",""
"20130709","CVE-2013-3134","2840628","Vulnerabilities in .NET Framework and Silverlight Could Allow Remote Code Execution","Microsoft Windows Server 2003 for Itanium-based Systems Service Pack 2","Microsoft .NET Framework 4","Critical","Remote Code Execution",""
"20130709","CVE-2013-3134","2840629","Vulnerabilities in .NET Framework and Silverlight Could Allow Remote Code Execution","Microsoft Windows Server 2003 for Itanium-based Systems Service Pack 2","Microsoft .NET Framework 3.5 Service Pack 1","Critical","Remote Code Execution",""
"20130709","CVE-2013-3134","2840629","Vulnerabilities in .NET Framework and Silverlight Could Allow Remote Code Execution","Microsoft Windows Server 2003 x64 Edition Service Pack 2","Microsoft .NET Framework 3.5 Service Pack 1","Critical","Remote Code Execution",""
"20130709","CVE-2013-3134","2840628","Vulnerabilities in .NET Framework and Silverlight Could Allow Remote Code Execution","Microsoft Windows Server 2003 x64 Edition Service Pack 2","Microsoft .NET Framework 4","Critical","Remote Code Execution",""
"20130709","CVE-2013-3134","2844285","Vulnerabilities in .NET Framework and Silverlight Could Allow Remote Code Execution","Microsoft Windows Server 2003 for Itanium-based Systems Service Pack 2","Microsoft .NET Framework 2.0 Service Pack 2","Critical","Remote Code Execution",""
"20130709","CVE-2013-3134","2833941","Vulnerabilities in .NET Framework and Silverlight Could Allow Remote Code Execution","Microsoft Windows Server 2003 for Itanium-based Systems Service Pack 2","Microsoft .NET Framework 1.1 Service Pack 1","Critical","Remote Code Execution",""
"20090414","CVE-2009-0080","952004","Vulnerabilities in Windows Could Allow Elevation of Privilege","Microsoft Windows Server 2003 x64 Edition","","Important","Elevation of Privilege","https://exploit-db.com/exploits/32893"
"20090414","CVE-2009-0080","952004","Vulnerabilities in Windows Could Allow Elevation of Privilege","Microsoft Windows Server 2003 x64 Edition Service Pack 2","","Important","Elevation of Privilege","https://exploit-db.com/exploits/32893"
"20090414","CVE-2009-0080","952004","Vulnerabilities in Windows Could Allow Elevation of Privilege","Microsoft Windows Server 2003 for Itanium-based Systems Service Pack 1","","Important","Elevation of Privilege","https://exploit-db.com/exploits/32893"
"20090414","CVE-2009-0080","952004","Vulnerabilities in Windows Could Allow Elevation of Privilege","Microsoft Windows Server 2003 for Itanium-based Systems Service Pack 2","","Important","Elevation of Privilege","https://exploit-db.com/exploits/32893"
"20090414","CVE-2009-0080","956572","Vulnerabilities in Windows Could Allow Elevation of Privilege","Microsoft Windows Server 2003 x64 Edition","","Important","Elevation of Privilege","https://exploit-db.com/exploits/32893"
"20090414","CVE-2009-0080","956572","Vulnerabilities in Windows Could Allow Elevation of Privilege","Microsoft Windows Server 2003 x64 Edition Service Pack 2","","Important","Elevation of Privilege","https://exploit-db.com/exploits/32893"
"20090414","CVE-2009-0080","956572","Vulnerabilities in Windows Could Allow Elevation of Privilege","Microsoft Windows Server 2003 for Itanium-based Systems Service Pack 1","","Important","Elevation of Privilege","https://exploit-db.com/exploits/32893"
"20090414","CVE-2009-0080","956572","Vulnerabilities in Windows Could Allow Elevation of Privilege","Microsoft Windows Server 2003 for Itanium-based Systems Service Pack 2","","Important","Elevation of Privilege","https://exploit-db.com/exploits/32893"
"20150210","CVE-2015-0008","3000483","Vulnerability in Group Policy Could Allow Remote Code Execution","Microsoft Windows Server 2003 x64 Edition Service Pack 2","","Critical","Remote Code Execution","https://exploit-db.com/exploits/47558"
"20150210","CVE-2015-0008","3000483","Vulnerability in Group Policy Could Allow Remote Code Execution","Microsoft Windows Server 2003 for Itanium-based Systems Service Pack 2","","Critical","Remote Code Execution","https://exploit-db.com/exploits/47558"
"20140610","CVE-2014-1790","2957689","Cumulative Security Update for Internet Explorer","Microsoft Windows Server 2003 x64 Edition Service Pack 2","Windows Internet Explorer 7","Critical","Remote Code Execution","https://exploit-db.com/exploits/34010"
"20140610","CVE-2014-1790","2957689","Cumulative Security Update for Internet Explorer","Microsoft Windows Server 2003 for Itanium-based Systems Service Pack 2","Windows Internet Explorer 7","Critical","Remote Code Execution","https://exploit-db.com/exploits/34010"
"20140610","CVE-2014-1790","2957689","Cumulative Security Update for Internet Explorer","Microsoft Windows Server 2003 x64 Edition Service Pack 2","Windows Internet Explorer 8","Critical","Remote Code Execution","https://exploit-db.com/exploits/34010"
"20140610","CVE-2014-1790","2957689","Cumulative Security Update for Internet Explorer","Microsoft Windows Server 2003 x64 Edition Service Pack 2","Microsoft Internet Explorer 6.0","Critical","Remote Code Execution","https://exploit-db.com/exploits/34010"
"20140610","CVE-2014-1790","2957689","Cumulative Security Update for Internet Explorer","Microsoft Windows Server 2003 for Itanium-based Systems Service Pack 2","Microsoft Internet Explorer 6.0","Critical","Remote Code Execution","https://exploit-db.com/exploits/34010"
"20150714","CVE-2015-2385","3065822","Security Update for Internet Explorer","Microsoft Windows Server 2003 x64 Edition Service Pack 2","Microsoft Internet Explorer 6.0","Critical","Remote Code Execution",""
"20150714","CVE-2015-2385","3065822","Security Update for Internet Explorer","Microsoft Windows Server 2003 for Itanium-based Systems Service Pack 2","Microsoft Internet Explorer 6.0","Critical","Remote Code Execution",""
"20150714","CVE-2015-2385","3065822","Security Update for Internet Explorer","Microsoft Windows Server 2003 x64 Edition Service Pack 2","Windows Internet Explorer 7","Critical","Remote Code Execution",""
"20150714","CVE-2015-2385","3065822","Security Update for Internet Explorer","Microsoft Windows Server 2003 for Itanium-based Systems Service Pack 2","Windows Internet Explorer 7","Critical","Remote Code Execution",""
"20150714","CVE-2015-2385","3065822","Security Update for Internet Explorer","Microsoft Windows Server 2003 x64 Edition Service Pack 2","Windows Internet Explorer 8","Critical","Remote Code Execution",""
"20150714","CVE-2015-2417","3072633","Vulnerabilities in OLE Could Allow Elevation of Privilege","Microsoft Windows Server 2003 x64 Edition Service Pack 2","","Important","Elevation of Privilege",""
"20150714","CVE-2015-2417","3072633","Vulnerabilities in OLE Could Allow Elevation of Privilege","Microsoft Windows Server 2003 for Itanium-based Systems Service Pack 2","","Important","Elevation of Privilege",""
"20110412","CVE-2011-0028","2485663","Vulnerability in WordPad Text Converters Could Allow Remote Code Execution","Microsoft Windows Server 2003 x64 Edition Service Pack 2","","Important","Remote Code Execution",""
"20110412","CVE-2011-0028","2485663","Vulnerability in WordPad Text Converters Could Allow Remote Code Execution","Microsoft Windows Server 2003 for Itanium-based Systems Service Pack 2","","Important","Remote Code Execution",""
"20150714","CVE-2015-2384","3065822","Security Update for Internet Explorer","Microsoft Windows Server 2003 x64 Edition Service Pack 2","Microsoft Internet Explorer 6.0","Critical","Remote Code Execution",""
"20150714","CVE-2015-2384","3065822","Security Update for Internet Explorer","Microsoft Windows Server 2003 for Itanium-based Systems Service Pack 2","Microsoft Internet Explorer 6.0","Critical","Remote Code Execution",""
"20150714","CVE-2015-2384","3065822","Security Update for Internet Explorer","Microsoft Windows Server 2003 x64 Edition Service Pack 2","Windows Internet Explorer 7","Critical","Remote Code Execution",""
"20150714","CVE-2015-2384","3065822","Security Update for Internet Explorer","Microsoft Windows Server 2003 for Itanium-based Systems Service Pack 2","Windows Internet Explorer 7","Critical","Remote Code Execution",""
"20150714","CVE-2015-2384","3065822","Security Update for Internet Explorer","Microsoft Windows Server 2003 x64 Edition Service Pack 2","Windows Internet Explorer 8","Critical","Remote Code Execution",""
"20150714","CVE-2015-2422","3065822","Security Update for Internet Explorer","Microsoft Windows Server 2003 x64 Edition Service Pack 2","Microsoft Internet Explorer 6.0","Critical","Remote Code Execution",""
"20150714","CVE-2015-2422","3065822","Security Update for Internet Explorer","Microsoft Windows Server 2003 for Itanium-based Systems Service Pack 2","Microsoft Internet Explorer 6.0","Critical","Remote Code Execution",""
"20150714","CVE-2015-2422","3065822","Security Update for Internet Explorer","Microsoft Windows Server 2003 x64 Edition Service Pack 2","Windows Internet Explorer 7","Critical","Remote Code Execution",""
"20150714","CVE-2015-2422","3065822","Security Update for Internet Explorer","Microsoft Windows Server 2003 for Itanium-based Systems Service Pack 2","Windows Internet Explorer 7","Critical","Remote Code Execution",""
"20150714","CVE-2015-2422","3065822","Security Update for Internet Explorer","Microsoft Windows Server 2003 x64 Edition Service Pack 2","Windows Internet Explorer 8","Critical","Remote Code Execution",""
"20090414","CVE-2008-4841","923561","Vulnerabilities in WordPad and Office Text Converters Could Allow Remote Code Execution","Microsoft Windows Server 2003 x64 Edition","","Critical","Remote Code Execution","http://milw0rm.com/sploits/2008-crash.doc.rar, https://exploit-db.com/exploits/6560"
"20090414","CVE-2008-4841","923561","Vulnerabilities in WordPad and Office Text Converters Could Allow Remote Code Execution","Microsoft Windows Server 2003 x64 Edition Service Pack 2","","Critical","Remote Code Execution","http://milw0rm.com/sploits/2008-crash.doc.rar, https://exploit-db.com/exploits/6560"
"20090414","CVE-2008-4841","923561","Vulnerabilities in WordPad and Office Text Converters Could Allow Remote Code Execution","Microsoft Windows Server 2003 for Itanium-based Systems Service Pack 1","","Critical","Remote Code Execution","http://milw0rm.com/sploits/2008-crash.doc.rar, https://exploit-db.com/exploits/6560"
"20090414","CVE-2008-4841","923561","Vulnerabilities in WordPad and Office Text Converters Could Allow Remote Code Execution","Microsoft Windows Server 2003 for Itanium-based Systems Service Pack 2","","Critical","Remote Code Execution","http://milw0rm.com/sploits/2008-crash.doc.rar, https://exploit-db.com/exploits/6560"
"20150714","CVE-2015-2372","3068404","Vulnerability in VBScript Scripting Engine Could Allow Remote Code Execution","Microsoft Windows Server 2003 x64 Edition Service Pack 2","VBScript 5.6","Critical","Remote Code Execution",""
"20150714","CVE-2015-2372","3068404","Vulnerability in VBScript Scripting Engine Could Allow Remote Code Execution","Microsoft Windows Server 2003 for Itanium-based Systems Service Pack 2","VBScript 5.6","Critical","Remote Code Execution",""
"20150714","CVE-2015-2372","3068368","Vulnerability in VBScript Scripting Engine Could Allow Remote Code Execution","Microsoft Windows Server 2003 x64 Edition Service Pack 2","VBScript 5.7","Critical","Remote Code Execution",""
"20150714","CVE-2015-2372","3068368","Vulnerability in VBScript Scripting Engine Could Allow Remote Code Execution","Microsoft Windows Server 2003 for Itanium-based Systems Service Pack 2","VBScript 5.7","Critical","Remote Code Execution",""
"20150714","CVE-2015-2372","3065822","Security Update for Internet Explorer","Microsoft Windows Server 2003 x64 Edition Service Pack 2","Microsoft Internet Explorer 6.0","Critical","Remote Code Execution",""
"20150714","CVE-2015-2372","3065822","Security Update for Internet Explorer","Microsoft Windows Server 2003 for Itanium-based Systems Service Pack 2","Microsoft Internet Explorer 6.0","Critical","Remote Code Execution",""
"20150714","CVE-2015-2372","3065822","Security Update for Internet Explorer","Microsoft Windows Server 2003 x64 Edition Service Pack 2","Windows Internet Explorer 7","Critical","Remote Code Execution",""
"20150714","CVE-2015-2372","3065822","Security Update for Internet Explorer","Microsoft Windows Server 2003 for Itanium-based Systems Service Pack 2","Windows Internet Explorer 7","Critical","Remote Code Execution",""
"20150714","CVE-2015-2372","3065822","Security Update for Internet Explorer","Microsoft Windows Server 2003 x64 Edition Service Pack 2","Windows Internet Explorer 8","Critical","Remote Code Execution",""
"20150210","CVE-2015-0058","3023562","Vulnerabilities in Windows Kernel-Mode Driver Could Allow Remote Code Execution","Microsoft Windows Server 2003 x64 Edition Service Pack 2","","Critical","Remote Code Execution","https://exploit-db.com/exploits/37098"
"20150210","CVE-2015-0058","3023562","Vulnerabilities in Windows Kernel-Mode Driver Could Allow Remote Code Execution","Microsoft Windows Server 2003 for Itanium-based Systems Service Pack 2","","Critical","Remote Code Execution","https://exploit-db.com/exploits/37098"
"20141111","CVE-2014-6324","3011780","Vulnerability in Kerberos Could Allow Elevation of Privilege","Microsoft Windows Server 2003 x64 Edition Service Pack 2","","Critical","Elevation of Privilege","https://exploit-db.com/exploits/35474"
"20141111","CVE-2014-6324","3011780","Vulnerability in Kerberos Could Allow Elevation of Privilege","Microsoft Windows Server 2003 for Itanium-based Systems Service Pack 2","","Critical","Elevation of Privilege","https://exploit-db.com/exploits/35474"
"20141111","CVE-2014-4149","2978124","Vulnerability in .NET Framework Could Allow Elevation of Privilege","Microsoft Windows Server 2003 x64 Edition Service Pack 2","Microsoft .NET Framework 2.0 Service Pack 2","Important","Elevation of Privilege",""
"20141111","CVE-2014-4149","2978124","Vulnerability in .NET Framework Could Allow Elevation of Privilege","Microsoft Windows Server 2003 for Itanium-based Systems Service Pack 2","Microsoft .NET Framework 2.0 Service Pack 2","Important","Elevation of Privilege",""
"20141111","CVE-2014-4149","2978125","Vulnerability in .NET Framework Could Allow Elevation of Privilege","Microsoft Windows Server 2003 x64 Edition Service Pack 2","Microsoft .NET Framework 4","Important","Elevation of Privilege",""
"20141111","CVE-2014-4149","2978125","Vulnerability in .NET Framework Could Allow Elevation of Privilege","Microsoft Windows Server 2003 for Itanium-based Systems Service Pack 2","Microsoft .NET Framework 4","Important","Elevation of Privilege",""
"20150714","CVE-2015-2388","3065822","Security Update for Internet Explorer","Microsoft Windows Server 2003 x64 Edition Service Pack 2","Microsoft Internet Explorer 6.0","Critical","Remote Code Execution",""
"20150714","CVE-2015-2388","3065822","Security Update for Internet Explorer","Microsoft Windows Server 2003 for Itanium-based Systems Service Pack 2","Microsoft Internet Explorer 6.0","Critical","Remote Code Execution",""
"20150714","CVE-2015-2388","3065822","Security Update for Internet Explorer","Microsoft Windows Server 2003 x64 Edition Service Pack 2","Windows Internet Explorer 7","Critical","Remote Code Execution",""
"20150714","CVE-2015-2388","3065822","Security Update for Internet Explorer","Microsoft Windows Server 2003 for Itanium-based Systems Service Pack 2","Windows Internet Explorer 7","Critical","Remote Code Execution",""
"20150714","CVE-2015-2388","3065822","Security Update for Internet Explorer","Microsoft Windows Server 2003 x64 Edition Service Pack 2","Windows Internet Explorer 8","Critical","Remote Code Execution",""
"20081111","CVE-2008-4033","954430","Vulnerabilities in Microsoft XML Core Services Could Allow Remote Code Execution","Microsoft Windows Server 2003 x64 Edition","Microsoft XML Core Services 4.0","Critical","Remote Code Execution","https://exploit-db.com/exploits/7196"
"20081111","CVE-2008-4033","954430","Vulnerabilities in Microsoft XML Core Services Could Allow Remote Code Execution","Microsoft Windows Server 2003 x64 Edition Service Pack 2","Microsoft XML Core Services 4.0","Critical","Remote Code Execution","https://exploit-db.com/exploits/7196"
"20081111","CVE-2008-4033","954430","Vulnerabilities in Microsoft XML Core Services Could Allow Remote Code Execution","Microsoft Windows Server 2003 for Itanium-based Systems Service Pack 1","Microsoft XML Core Services 4.0","Critical","Remote Code Execution","https://exploit-db.com/exploits/7196"
"20081111","CVE-2008-4033","954430","Vulnerabilities in Microsoft XML Core Services Could Allow Remote Code Execution","Microsoft Windows Server 2003 for Itanium-based Systems Service Pack 2","Microsoft XML Core Services 4.0","Critical","Remote Code Execution","https://exploit-db.com/exploits/7196"
"20081111","CVE-2008-4033","954459","Vulnerabilities in Microsoft XML Core Services Could Allow Remote Code Execution","Microsoft Windows Server 2003 x64 Edition","Microsoft XML Core Services 6.0","Critical","Remote Code Execution","https://exploit-db.com/exploits/7196"
"20081111","CVE-2008-4033","954459","Vulnerabilities in Microsoft XML Core Services Could Allow Remote Code Execution","Microsoft Windows Server 2003 x64 Edition Service Pack 2","Microsoft XML Core Services 6.0","Critical","Remote Code Execution","https://exploit-db.com/exploits/7196"
"20081111","CVE-2008-4033","954459","Vulnerabilities in Microsoft XML Core Services Could Allow Remote Code Execution","Microsoft Windows Server 2003 for Itanium-based Systems Service Pack 1","Microsoft XML Core Services 6.0","Critical","Remote Code Execution","https://exploit-db.com/exploits/7196"
"20081111","CVE-2008-4033","954459","Vulnerabilities in Microsoft XML Core Services Could Allow Remote Code Execution","Microsoft Windows Server 2003 for Itanium-based Systems Service Pack 2","Microsoft XML Core Services 6.0","Critical","Remote Code Execution","https://exploit-db.com/exploits/7196"
"20120508","CVE-2012-0181","2676562","Combined Security Update for Microsoft Office, Windows, .NET Framework, and Silverlight","Microsoft Windows Server 2003 for Itanium-based Systems Service Pack 2","","Critical","Remote Code Execution","https://exploit-db.com/exploits/18894"
"20120508","CVE-2012-0181","2676562","Combined Security Update for Microsoft Office, Windows, .NET Framework, and Silverlight","Microsoft Windows Server 2003 x64 Edition Service Pack 2","","Critical","Remote Code Execution","https://exploit-db.com/exploits/18894"
"20120508","CVE-2012-0181","2659262","Combined Security Update for Microsoft Office, Windows, .NET Framework, and Silverlight","Microsoft Windows Server 2003 for Itanium-based Systems Service Pack 2","","Critical","Remote Code Execution","https://exploit-db.com/exploits/18894"
"20120508","CVE-2012-0181","2659262","Combined Security Update for Microsoft Office, Windows, .NET Framework, and Silverlight","Microsoft Windows Server 2003 x64 Edition Service Pack 2","","Critical","Remote Code Execution","https://exploit-db.com/exploits/18894"
"20120508","CVE-2012-0181","2686509","Combined Security Update for Microsoft Office, Windows, .NET Framework, and Silverlight","Microsoft Windows Server 2003 for Itanium-based Systems Service Pack 2","","Critical","Remote Code Execution","https://exploit-db.com/exploits/18894"
"20120508","CVE-2012-0181","2686509","Combined Security Update for Microsoft Office, Windows, .NET Framework, and Silverlight","Microsoft Windows Server 2003 x64 Edition Service Pack 2","","Critical","Remote Code Execution","https://exploit-db.com/exploits/18894"
"20150714","CVE-2015-2398","3065822","Security Update for Internet Explorer","Microsoft Windows Server 2003 x64 Edition Service Pack 2","Microsoft Internet Explorer 6.0","Critical","Remote Code Execution",""
"20150714","CVE-2015-2398","3065822","Security Update for Internet Explorer","Microsoft Windows Server 2003 for Itanium-based Systems Service Pack 2","Microsoft Internet Explorer 6.0","Critical","Remote Code Execution",""
"20150714","CVE-2015-2398","3065822","Security Update for Internet Explorer","Microsoft Windows Server 2003 x64 Edition Service Pack 2","Windows Internet Explorer 7","Critical","Remote Code Execution",""
"20150714","CVE-2015-2398","3065822","Security Update for Internet Explorer","Microsoft Windows Server 2003 for Itanium-based Systems Service Pack 2","Windows Internet Explorer 7","Critical","Remote Code Execution",""
"20150714","CVE-2015-2398","3065822","Security Update for Internet Explorer","Microsoft Windows Server 2003 x64 Edition Service Pack 2","Windows Internet Explorer 8","Critical","Remote Code Execution",""
"20140114","CVE-2013-5065","2914368","Vulnerability in Windows Kernel Could Allow Elevation of Privilege","Microsoft Windows Server 2003 x64 Edition Service Pack 2","","Important","Elevation of Privilege","https://www.exploit-db.com/exploits/37732/, https://exploit-db.com/exploits/30014, https://exploit-db.com/exploits/30392"
"20140114","CVE-2013-5065","2914368","Vulnerability in Windows Kernel Could Allow Elevation of Privilege","Microsoft Windows Server 2003 for Itanium-based Systems Service Pack 2","","Important","Elevation of Privilege","https://www.exploit-db.com/exploits/37732/, https://exploit-db.com/exploits/30014, https://exploit-db.com/exploits/30392"
"20130108","CVE-2013-0007","2758694","Vulnerabilities in Microsoft XML Core Services Could Allow Remote Code Execution","Microsoft Windows Server 2003 for Itanium-based Systems Service Pack 2","Microsoft XML Core Services 4.0","Critical","Remote Code Execution",""
"20130108","CVE-2013-0007","2758694","Vulnerabilities in Microsoft XML Core Services Could Allow Remote Code Execution","Microsoft Windows Server 2003 x64 Edition Service Pack 2","Microsoft XML Core Services 4.0","Critical","Remote Code Execution",""
"20090210","CVE-2009-0075","961260","Cumulative Security Update for Internet Explorer (961260)","Microsoft Windows Server 2003 x64 Edition","Windows Internet Explorer 7","Critical","Remote Code Execution","https://exploit-db.com/exploits/8077, https://exploit-db.com/exploits/8082, https://exploit-db.com/exploits/8079, https://exploit-db.com/exploits/16555, https://exploit-db.com/exploits/8080, https://exploit-db.com/exploits/8152"
"20090210","CVE-2009-0075","961260","Cumulative Security Update for Internet Explorer (961260)","Microsoft Windows Server 2003 x64 Edition Service Pack 2","Windows Internet Explorer 7","Critical","Remote Code Execution","https://exploit-db.com/exploits/8077, https://exploit-db.com/exploits/8082, https://exploit-db.com/exploits/8079, https://exploit-db.com/exploits/16555, https://exploit-db.com/exploits/8080, https://exploit-db.com/exploits/8152"
"20090210","CVE-2009-0075","961260","Cumulative Security Update for Internet Explorer (961260)","Microsoft Windows Server 2003 for Itanium-based Systems Service Pack 1","Windows Internet Explorer 7","Critical","Remote Code Execution","https://exploit-db.com/exploits/8077, https://exploit-db.com/exploits/8082, https://exploit-db.com/exploits/8079, https://exploit-db.com/exploits/16555, https://exploit-db.com/exploits/8080, https://exploit-db.com/exploits/8152"
"20090210","CVE-2009-0075","961260","Cumulative Security Update for Internet Explorer (961260)","Microsoft Windows Server 2003 for Itanium-based Systems Service Pack 2","Windows Internet Explorer 7","Critical","Remote Code Execution","https://exploit-db.com/exploits/8077, https://exploit-db.com/exploits/8082, https://exploit-db.com/exploits/8079, https://exploit-db.com/exploits/16555, https://exploit-db.com/exploits/8080, https://exploit-db.com/exploits/8152"
"20150714","CVE-2015-2364","3069392","Vulnerability in Windows Graphics Component Could Allow Elevation of Privilege","Microsoft Windows Server 2003 x64 Edition Service Pack 2","","Important","Elevation of Privilege",""
"20150714","CVE-2015-2364","3069392","Vulnerability in Windows Graphics Component Could Allow Elevation of Privilege","Microsoft Windows Server 2003 for Itanium-based Systems Service Pack 2","","Important","Elevation of Privilege",""
"20110308","CVE-2011-0029","2481109","Vulnerability in Remote Desktop Client Could Allow Remote Code Execution","Microsoft Windows Server 2003 x64 Edition Service Pack 2","Remote Desktop Connection 6.0 Client","Important","Remote Code Execution",""
"20150609","CVE-2015-1728","3033890","Vulnerability in Windows Media Player Could Allow Remote Code Execution","Microsoft Windows Server 2003 x64 Edition Service Pack 2","Windows Media Player 10","Critical","Remote Code Execution",""
"20150512","CVE-2015-1672","3023220","Vulnerabilities in .NET Framework Could Allow Elevation of Privilege","Microsoft Windows Server 2003 x64 Edition Service Pack 2","Microsoft .NET Framework 2.0 Service Pack 2","Important","Elevation of Privilege",""
"20150512","CVE-2015-1672","3023220","Vulnerabilities in .NET Framework Could Allow Elevation of Privilege","Microsoft Windows Server 2003 for Itanium-based Systems Service Pack 2","Microsoft .NET Framework 2.0 Service Pack 2","Important","Elevation of Privilege",""
"20150512","CVE-2015-1672","3035488","Vulnerabilities in .NET Framework Could Allow Elevation of Privilege","Microsoft Windows Server 2003 for Itanium-based Systems Service Pack 2","Microsoft .NET Framework 2.0 Service Pack 2","Important","Elevation of Privilege",""
"20150512","CVE-2015-1672","3023221","Vulnerabilities in .NET Framework Could Allow Elevation of Privilege","Microsoft Windows Server 2003 x64 Edition Service Pack 2","Microsoft .NET Framework 4","Important","Elevation of Privilege",""
"20150512","CVE-2015-1672","3023221","Vulnerabilities in .NET Framework Could Allow Elevation of Privilege","Microsoft Windows Server 2003 for Itanium-based Systems Service Pack 2","Microsoft .NET Framework 4","Important","Elevation of Privilege",""
"20150512","CVE-2015-1672","3032662","Vulnerabilities in .NET Framework Could Allow Elevation of Privilege","Microsoft Windows Server 2003 x64 Edition Service Pack 2","Microsoft .NET Framework 4","Important","Elevation of Privilege",""
"20150512","CVE-2015-1672","3032662","Vulnerabilities in .NET Framework Could Allow Elevation of Privilege","Microsoft Windows Server 2003 for Itanium-based Systems Service Pack 2","Microsoft .NET Framework 4","Important","Elevation of Privilege",""
"20150512","CVE-2015-1672","3035488","Vulnerabilities in .NET Framework Could Allow Elevation of Privilege","Microsoft Windows Server 2003 x64 Edition Service Pack 2","Microsoft .NET Framework 2.0 Service Pack 2","Important","Elevation of Privilege",""
"20150714","CVE-2015-2383","3065822","Security Update for Internet Explorer","Microsoft Windows Server 2003 x64 Edition Service Pack 2","Microsoft Internet Explorer 6.0","Critical","Remote Code Execution",""
"20150714","CVE-2015-2383","3065822","Security Update for Internet Explorer","Microsoft Windows Server 2003 for Itanium-based Systems Service Pack 2","Microsoft Internet Explorer 6.0","Critical","Remote Code Execution",""
"20150714","CVE-2015-2383","3065822","Security Update for Internet Explorer","Microsoft Windows Server 2003 x64 Edition Service Pack 2","Windows Internet Explorer 7","Critical","Remote Code Execution",""
"20150714","CVE-2015-2383","3065822","Security Update for Internet Explorer","Microsoft Windows Server 2003 for Itanium-based Systems Service Pack 2","Windows Internet Explorer 7","Critical","Remote Code Execution",""
"20150714","CVE-2015-2383","3065822","Security Update for Internet Explorer","Microsoft Windows Server 2003 x64 Edition Service Pack 2","Windows Internet Explorer 8","Critical","Remote Code Execution",""
"20120921","CVE-2012-4969","2744842","Cumulative Security Update for Internet Explorer","Microsoft Windows Server 2003 for Itanium-based Systems Service Pack 2","Microsoft Internet Explorer 6.0","Critical","Remote Code Execution","https://exploit-db.com/exploits/21840"
"20120921","CVE-2012-4969","2744842","Cumulative Security Update for Internet Explorer","Microsoft Windows Server 2003 x64 Edition Service Pack 2","Microsoft Internet Explorer 6.0","Critical","Remote Code Execution","https://exploit-db.com/exploits/21840"
"20120921","CVE-2012-4969","2744842","Cumulative Security Update for Internet Explorer","Microsoft Windows Server 2003 for Itanium-based Systems Service Pack 2","Windows Internet Explorer 7","Critical","Remote Code Execution","https://exploit-db.com/exploits/21840"
"20120921","CVE-2012-4969","2744842","Cumulative Security Update for Internet Explorer","Microsoft Windows Server 2003 x64 Edition Service Pack 2","Windows Internet Explorer 7","Critical","Remote Code Execution","https://exploit-db.com/exploits/21840"
"20120921","CVE-2012-4969","2744842","Cumulative Security Update for Internet Explorer","Microsoft Windows Server 2003 x64 Edition Service Pack 2","Windows Internet Explorer 8","Critical","Remote Code Execution","https://exploit-db.com/exploits/21840"
"20150714","CVE-2015-2421","3065822","Security Update for Internet Explorer","Microsoft Windows Server 2003 x64 Edition Service Pack 2","Microsoft Internet Explorer 6.0","Critical","Remote Code Execution",""
"20150714","CVE-2015-2421","3065822","Security Update for Internet Explorer","Microsoft Windows Server 2003 for Itanium-based Systems Service Pack 2","Microsoft Internet Explorer 6.0","Critical","Remote Code Execution",""
"20150714","CVE-2015-2421","3065822","Security Update for Internet Explorer","Microsoft Windows Server 2003 x64 Edition Service Pack 2","Windows Internet Explorer 7","Critical","Remote Code Execution",""
"20150714","CVE-2015-2421","3065822","Security Update for Internet Explorer","Microsoft Windows Server 2003 for Itanium-based Systems Service Pack 2","Windows Internet Explorer 7","Critical","Remote Code Execution",""
"20150714","CVE-2015-2421","3065822","Security Update for Internet Explorer","Microsoft Windows Server 2003 x64 Edition Service Pack 2","Windows Internet Explorer 8","Critical","Remote Code Execution",""
"20150714","CVE-2015-2390","3065822","Security Update for Internet Explorer","Microsoft Windows Server 2003 x64 Edition Service Pack 2","Microsoft Internet Explorer 6.0","Critical","Remote Code Execution",""
"20150714","CVE-2015-2390","3065822","Security Update for Internet Explorer","Microsoft Windows Server 2003 for Itanium-based Systems Service Pack 2","Microsoft Internet Explorer 6.0","Critical","Remote Code Execution",""
"20150714","CVE-2015-2390","3065822","Security Update for Internet Explorer","Microsoft Windows Server 2003 x64 Edition Service Pack 2","Windows Internet Explorer 7","Critical","Remote Code Execution",""
"20150714","CVE-2015-2390","3065822","Security Update for Internet Explorer","Microsoft Windows Server 2003 for Itanium-based Systems Service Pack 2","Windows Internet Explorer 7","Critical","Remote Code Execution",""
"20150714","CVE-2015-2390","3065822","Security Update for Internet Explorer","Microsoft Windows Server 2003 x64 Edition Service Pack 2","Windows Internet Explorer 8","Critical","Remote Code Execution",""
"20131008","CVE-2013-3860","2863239","Vulnerabilities in .NET Framework Could Allow Remote Code Execution","Microsoft Windows Server 2003 x64 Edition Service Pack 2","Microsoft .NET Framework 2.0 Service Pack 2","Critical","Remote Code Execution",""
"20131008","CVE-2013-3860","2863239","Vulnerabilities in .NET Framework Could Allow Remote Code Execution","Microsoft Windows Server 2003 for Itanium-based Systems Service Pack 2","Microsoft .NET Framework 2.0 Service Pack 2","Critical","Remote Code Execution",""
"20131008","CVE-2013-3860","2861697","Vulnerabilities in .NET Framework Could Allow Remote Code Execution","Microsoft Windows Server 2003 x64 Edition Service Pack 2","Microsoft .NET Framework 3.5 Service Pack 1","Critical","Remote Code Execution",""
"20131008","CVE-2013-3860","2861697","Vulnerabilities in .NET Framework Could Allow Remote Code Execution","Microsoft Windows Server 2003 for Itanium-based Systems Service Pack 2","Microsoft .NET Framework 3.5 Service Pack 1","Critical","Remote Code Execution",""
"20131008","CVE-2013-3860","2861188","Vulnerabilities in .NET Framework Could Allow Remote Code Execution","Microsoft Windows Server 2003 x64 Edition Service Pack 2","Microsoft .NET Framework 4","Critical","Remote Code Execution",""
"20131008","CVE-2013-3860","2858302","Vulnerabilities in .NET Framework Could Allow Remote Code Execution","Microsoft Windows Server 2003 x64 Edition Service Pack 2","Microsoft .NET Framework 4","Critical","Remote Code Execution",""
"20131008","CVE-2013-3860","2858302","Vulnerabilities in .NET Framework Could Allow Remote Code Execution","Microsoft Windows Server 2003 for Itanium-based Systems Service Pack 2","Microsoft .NET Framework 4","Critical","Remote Code Execution",""
"20141111","CVE-2014-6352","3006226","Vulnerabilities in Windows OLE Could Allow Remote Code Execution","Microsoft Windows Server 2003 x64 Edition Service Pack 2","","Critical","Remote Code Execution","https://exploit-db.com/exploits/35216, https://exploit-db.com/exploits/35236, https://exploit-db.com/exploits/35235, https://exploit-db.com/exploits/35019, https://exploit-db.com/exploits/35055, https://exploit-db.com/exploits/35020"
"20141111","CVE-2014-6352","3006226","Vulnerabilities in Windows OLE Could Allow Remote Code Execution","Microsoft Windows Server 2003 for Itanium-based Systems Service Pack 2","","Critical","Remote Code Execution","https://exploit-db.com/exploits/35216, https://exploit-db.com/exploits/35236, https://exploit-db.com/exploits/35235, https://exploit-db.com/exploits/35019, https://exploit-db.com/exploits/35055, https://exploit-db.com/exploits/35020"
"20101012","CVE-2010-1263","979687","Vulnerability in COM Validation in Windows Shell and WordPad Could Allow Remote Code Execution","Microsoft Windows Server 2003 x64 Edition Service Pack 2","WordPad","Important","Remote Code Execution",""
"20101012","CVE-2010-1263","979687","Vulnerability in COM Validation in Windows Shell and WordPad Could Allow Remote Code Execution","Microsoft Windows Server 2003 for Itanium-based Systems Service Pack 2","WordPad","Important","Remote Code Execution",""
"20100112","CVE-2010-0018","972270","Vulnerability in the Embedded OpenType Font Engine Could Allow Remote Code Execution","Microsoft Windows Server 2003 x64 Edition Service Pack 2","","Critical","Remote Code Execution",""
"20100112","CVE-2010-0018","972270","Vulnerability in the Embedded OpenType Font Engine Could Allow Remote Code Execution","Microsoft Windows Server 2003 for Itanium-based Systems Service Pack 2","","Critical","Remote Code Execution",""
"20150512","CVE-2015-16723","3023220","Vulnerabilities in .NET Framework Could Allow Elevation of Privilege","Microsoft Windows Server 2003 x64 Edition Service Pack 2","Microsoft .NET Framework 2.0 Service Pack 2","Important","Elevation of Privilege",""
"20150512","CVE-2015-16723","3023220","Vulnerabilities in .NET Framework Could Allow Elevation of Privilege","Microsoft Windows Server 2003 for Itanium-based Systems Service Pack 2","Microsoft .NET Framework 2.0 Service Pack 2","Important","Elevation of Privilege",""
"20150512","CVE-2015-16723","3035488","Vulnerabilities in .NET Framework Could Allow Elevation of Privilege","Microsoft Windows Server 2003 for Itanium-based Systems Service Pack 2","Microsoft .NET Framework 2.0 Service Pack 2","Important","Elevation of Privilege",""
"20150512","CVE-2015-16723","3023221","Vulnerabilities in .NET Framework Could Allow Elevation of Privilege","Microsoft Windows Server 2003 x64 Edition Service Pack 2","Microsoft .NET Framework 4","Important","Elevation of Privilege",""
"20150512","CVE-2015-16723","3023221","Vulnerabilities in .NET Framework Could Allow Elevation of Privilege","Microsoft Windows Server 2003 for Itanium-based Systems Service Pack 2","Microsoft .NET Framework 4","Important","Elevation of Privilege",""
"20150512","CVE-2015-16723","3032662","Vulnerabilities in .NET Framework Could Allow Elevation of Privilege","Microsoft Windows Server 2003 x64 Edition Service Pack 2","Microsoft .NET Framework 4","Important","Elevation of Privilege",""
"20150512","CVE-2015-16723","3032662","Vulnerabilities in .NET Framework Could Allow Elevation of Privilege","Microsoft Windows Server 2003 for Itanium-based Systems Service Pack 2","Microsoft .NET Framework 4","Important","Elevation of Privilege",""
"20150512","CVE-2015-16723","3035488","Vulnerabilities in .NET Framework Could Allow Elevation of Privilege","Microsoft Windows Server 2003 x64 Edition Service Pack 2","Microsoft .NET Framework 2.0 Service Pack 2","Important","Elevation of Privilege",""
"20140812","CVE-2014-2820","2976627","Cumulative Security Update for Internet Explorer","Microsoft Windows Server 2003 x64 Edition Service Pack 2","Microsoft Internet Explorer 6.0","Critical","Remote Code Execution",""
"20140812","CVE-2014-2820","2976627","Cumulative Security Update for Internet Explorer","Microsoft Windows Server 2003 for Itanium-based Systems Service Pack 2","Microsoft Internet Explorer 6.0","Critical","Remote Code Execution",""
"20140812","CVE-2014-2820","2976627","Cumulative Security Update for Internet Explorer","Microsoft Windows Server 2003 x64 Edition Service Pack 2","Windows Internet Explorer 7","Critical","Remote Code Execution",""
"20140812","CVE-2014-2820","2976627","Cumulative Security Update for Internet Explorer","Microsoft Windows Server 2003 for Itanium-based Systems Service Pack 2","Windows Internet Explorer 7","Critical","Remote Code Execution",""
"20140812","CVE-2014-2820","2976627","Cumulative Security Update for Internet Explorer","Microsoft Windows Server 2003 x64 Edition Service Pack 2","Windows Internet Explorer 8","Critical","Remote Code Execution",""
"20120612","CVE-2012-0173","2685939","Vulnerabilities in Remote Desktop Could Allow Remote Code Execution","Microsoft Windows Server 2003 for Itanium-based Systems Service Pack 2","","Critical","Remote Code Execution",""
"20120612","CVE-2012-0173","2685939","Vulnerabilities in Remote Desktop Could Allow Remote Code Execution","Microsoft Windows Server 2003 x64 Edition Service Pack 2","","Critical","Remote Code Execution",""
"20090414","CVE-2009-0087","923561","Vulnerabilities in WordPad and Office Text Converters Could Allow Remote Code Execution","Microsoft Windows Server 2003 x64 Edition","","Critical","Remote Code Execution",""
"20090414","CVE-2009-0087","923561","Vulnerabilities in WordPad and Office Text Converters Could Allow Remote Code Execution","Microsoft Windows Server 2003 x64 Edition Service Pack 2","","Critical","Remote Code Execution",""
"20090414","CVE-2009-0087","923561","Vulnerabilities in WordPad and Office Text Converters Could Allow Remote Code Execution","Microsoft Windows Server 2003 for Itanium-based Systems Service Pack 1","","Critical","Remote Code Execution",""
"20090414","CVE-2009-0087","923561","Vulnerabilities in WordPad and Office Text Converters Could Allow Remote Code Execution","Microsoft Windows Server 2003 for Itanium-based Systems Service Pack 2","","Critical","Remote Code Execution",""
"20150512","CVE-2015-1678","3045171","Vulnerabilities in Windows Kernel-Mode Drivers Could Allow Elevation of Privilege","Microsoft Windows Server 2003 x64 Edition Service Pack 2","","Important","Elevation of Privilege","https://exploit-db.com/exploits/37049"
"20150512","CVE-2015-1678","3045171","Vulnerabilities in Windows Kernel-Mode Drivers Could Allow Elevation of Privilege","Microsoft Windows Server 2003 for Itanium-based Systems Service Pack 2","","Important","Elevation of Privilege","https://exploit-db.com/exploits/37049"
"20150714","CVE-2015-1767","3065822","Security Update for Internet Explorer","Microsoft Windows Server 2003 x64 Edition Service Pack 2","Microsoft Internet Explorer 6.0","Critical","Remote Code Execution",""
"20150714","CVE-2015-1767","3065822","Security Update for Internet Explorer","Microsoft Windows Server 2003 for Itanium-based Systems Service Pack 2","Microsoft Internet Explorer 6.0","Critical","Remote Code Execution",""
"20150714","CVE-2015-1767","3065822","Security Update for Internet Explorer","Microsoft Windows Server 2003 x64 Edition Service Pack 2","Windows Internet Explorer 7","Critical","Remote Code Execution",""
"20150714","CVE-2015-1767","3065822","Security Update for Internet Explorer","Microsoft Windows Server 2003 for Itanium-based Systems Service Pack 2","Windows Internet Explorer 7","Critical","Remote Code Execution",""
"20150714","CVE-2015-1767","3065822","Security Update for Internet Explorer","Microsoft Windows Server 2003 x64 Edition Service Pack 2","Windows Internet Explorer 8","Critical","Remote Code Execution",""
"20131008","CVE-2013-3880","2884256","Vulnerabilities in Windows Kernel-Mode Drivers Could Allow Remote Code Execution","Microsoft Windows Server 2003 for Itanium-based Systems Service Pack 2","","Critical","Remote Code Execution",""
"20131008","CVE-2013-3880","2862335","Vulnerabilities in Windows Kernel-Mode Drivers Could Allow Remote Code Execution","Microsoft Windows Server 2003 x64 Edition Service Pack 2","","Critical","Remote Code Execution",""
"20131008","CVE-2013-3880","2862335","Vulnerabilities in Windows Kernel-Mode Drivers Could Allow Remote Code Execution","Microsoft Windows Server 2003 for Itanium-based Systems Service Pack 2","","Critical","Remote Code Execution",""
"20131008","CVE-2013-3880","2862330","Vulnerabilities in Windows Kernel-Mode Drivers Could Allow Remote Code Execution","Microsoft Windows Server 2003 x64 Edition Service Pack 2","","Critical","Remote Code Execution",""
"20131008","CVE-2013-3880","2862330","Vulnerabilities in Windows Kernel-Mode Drivers Could Allow Remote Code Execution","Microsoft Windows Server 2003 for Itanium-based Systems Service Pack 2","","Critical","Remote Code Execution",""
"20131008","CVE-2013-3880","2884256","Vulnerabilities in Windows Kernel-Mode Drivers Could Allow Remote Code Execution","Microsoft Windows Server 2003 x64 Edition Service Pack 2","","Critical","Remote Code Execution",""
"20131008","CVE-2013-3880","2868038","Vulnerabilities in Windows Kernel-Mode Drivers Could Allow Remote Code Execution","Microsoft Windows Server 2003 x64 Edition Service Pack 2","","Critical","Remote Code Execution",""
"20131008","CVE-2013-3880","2868038","Vulnerabilities in Windows Kernel-Mode Drivers Could Allow Remote Code Execution","Microsoft Windows Server 2003 for Itanium-based Systems Service Pack 2","","Critical","Remote Code Execution",""
"20140610","CVE-2014-1788","2957689","Cumulative Security Update for Internet Explorer","Microsoft Windows Server 2003 x64 Edition Service Pack 2","Windows Internet Explorer 7","Critical","Remote Code Execution","https://exploit-db.com/exploits/34010"
"20140610","CVE-2014-1788","2957689","Cumulative Security Update for Internet Explorer","Microsoft Windows Server 2003 for Itanium-based Systems Service Pack 2","Windows Internet Explorer 7","Critical","Remote Code Execution","https://exploit-db.com/exploits/34010"
"20140610","CVE-2014-1788","2957689","Cumulative Security Update for Internet Explorer","Microsoft Windows Server 2003 x64 Edition Service Pack 2","Windows Internet Explorer 8","Critical","Remote Code Execution","https://exploit-db.com/exploits/34010"
"20140610","CVE-2014-1788","2957689","Cumulative Security Update for Internet Explorer","Microsoft Windows Server 2003 x64 Edition Service Pack 2","Microsoft Internet Explorer 6.0","Critical","Remote Code Execution","https://exploit-db.com/exploits/34010"
"20140610","CVE-2014-1788","2957689","Cumulative Security Update for Internet Explorer","Microsoft Windows Server 2003 for Itanium-based Systems Service Pack 2","Microsoft Internet Explorer 6.0","Critical","Remote Code Execution","https://exploit-db.com/exploits/34010"
"20150512","CVE-2015-1684","3050946","Vulnerabilities in JScript and VBScript Scripting Engines Could Allow Security Feature Bypass","Microsoft Windows Server 2003 x64 Edition Service Pack 2","JScript 5.6","Important","Security Feature Bypass",""
"20150512","CVE-2015-1684","3050946","Vulnerabilities in JScript and VBScript Scripting Engines Could Allow Security Feature Bypass","Microsoft Windows Server 2003 for Itanium-based Systems Service Pack 2","JScript 5.6","Important","Security Feature Bypass",""
"20150512","CVE-2015-1684","3050946","Vulnerabilities in JScript and VBScript Scripting Engines Could Allow Security Feature Bypass","Microsoft Windows Server 2003 x64 Edition Service Pack 2","VBScript 5.6","Important","Security Feature Bypass",""
"20150512","CVE-2015-1684","3050946","Vulnerabilities in JScript and VBScript Scripting Engines Could Allow Security Feature Bypass","Microsoft Windows Server 2003 for Itanium-based Systems Service Pack 2","VBScript 5.6","Important","Security Feature Bypass",""
"20150512","CVE-2015-1684","3050945","Vulnerabilities in JScript and VBScript Scripting Engines Could Allow Security Feature Bypass","Microsoft Windows Server 2003 x64 Edition Service Pack 2","JScript 5.7","Important","Security Feature Bypass",""
"20150512","CVE-2015-1684","3050945","Vulnerabilities in JScript and VBScript Scripting Engines Could Allow Security Feature Bypass","Microsoft Windows Server 2003 for Itanium-based Systems Service Pack 2","JScript 5.7","Important","Security Feature Bypass",""
"20150512","CVE-2015-1684","3050945","Vulnerabilities in JScript and VBScript Scripting Engines Could Allow Security Feature Bypass","Microsoft Windows Server 2003 x64 Edition Service Pack 2","VBScript 5.7","Important","Security Feature Bypass",""
"20150512","CVE-2015-1684","3050945","Vulnerabilities in JScript and VBScript Scripting Engines Could Allow Security Feature Bypass","Microsoft Windows Server 2003 for Itanium-based Systems Service Pack 2","VBScript 5.7","Important","Security Feature Bypass",""
"20100413","CVE-2010-0812","978338","Vulnerability in Windows ISATAP Component Could Allow Spoofing","Microsoft Windows Server 2003 for Itanium-based Systems Service Pack 2","","Moderate","Spoofing",""
"20100413","CVE-2010-0812","978338","Vulnerability in Windows ISATAP Component Could Allow Spoofing","Microsoft Windows Server 2003 x64 Edition Service Pack 2","","Moderate","Spoofing",""
"20140812","CVE-2014-2796","2976627","Cumulative Security Update for Internet Explorer","Microsoft Windows Server 2003 x64 Edition Service Pack 2","Microsoft Internet Explorer 6.0","Critical","Remote Code Execution",""
"20140812","CVE-2014-2796","2976627","Cumulative Security Update for Internet Explorer","Microsoft Windows Server 2003 for Itanium-based Systems Service Pack 2","Microsoft Internet Explorer 6.0","Critical","Remote Code Execution",""
"20140812","CVE-2014-2796","2976627","Cumulative Security Update for Internet Explorer","Microsoft Windows Server 2003 x64 Edition Service Pack 2","Windows Internet Explorer 7","Critical","Remote Code Execution",""
"20140812","CVE-2014-2796","2976627","Cumulative Security Update for Internet Explorer","Microsoft Windows Server 2003 for Itanium-based Systems Service Pack 2","Windows Internet Explorer 7","Critical","Remote Code Execution",""
"20140812","CVE-2014-2796","2976627","Cumulative Security Update for Internet Explorer","Microsoft Windows Server 2003 x64 Edition Service Pack 2","Windows Internet Explorer 8","Critical","Remote Code Execution",""
"20141014","CVE-2014-4971","2993254","Vulnerability in Message Queuing Service Could Allow Elevation of Privilege","Microsoft Windows Server 2003 x64 Edition Service Pack 2","","Important","Elevation of Privilege","http://packetstormsecurity.com/files/128674/Microsoft-Bluetooth-Personal-Area-Networking-BthPan.sys-Privilege-Escalation.html, http://seclists.org/fulldisclosure/2014/Jul/96, http://seclists.org/fulldisclosure/2014/Jul/97, http://www.exploit-db.com/exploits/34112, http://www.exploit-db.com/exploits/34982, https://www.korelogic.com/Resources/Advisories/KL-001-2014-002.txt, https://www.korelogic.com/Resources/Advisories/KL-001-2014-003.txt, https://exploit-db.com/exploits/34131, https://exploit-db.com/exploits/34167"
"20141014","CVE-2014-4971","2993254","Vulnerability in Message Queuing Service Could Allow Elevation of Privilege","Microsoft Windows Server 2003 for Itanium-based Systems Service Pack 2","","Important","Elevation of Privilege","http://packetstormsecurity.com/files/128674/Microsoft-Bluetooth-Personal-Area-Networking-BthPan.sys-Privilege-Escalation.html, http://seclists.org/fulldisclosure/2014/Jul/96, http://seclists.org/fulldisclosure/2014/Jul/97, http://www.exploit-db.com/exploits/34112, http://www.exploit-db.com/exploits/34982, https://www.korelogic.com/Resources/Advisories/KL-001-2014-002.txt, https://www.korelogic.com/Resources/Advisories/KL-001-2014-003.txt, https://exploit-db.com/exploits/34131, https://exploit-db.com/exploits/34167"
"20140610","CVE-2014-2773","2957689","Cumulative Security Update for Internet Explorer","Microsoft Windows Server 2003 x64 Edition Service Pack 2","Windows Internet Explorer 7","Critical","Remote Code Execution","https://exploit-db.com/exploits/34010"
"20140610","CVE-2014-2773","2957689","Cumulative Security Update for Internet Explorer","Microsoft Windows Server 2003 for Itanium-based Systems Service Pack 2","Windows Internet Explorer 7","Critical","Remote Code Execution","https://exploit-db.com/exploits/34010"
"20140610","CVE-2014-2773","2957689","Cumulative Security Update for Internet Explorer","Microsoft Windows Server 2003 x64 Edition Service Pack 2","Windows Internet Explorer 8","Critical","Remote Code Execution","https://exploit-db.com/exploits/34010"
"20140610","CVE-2014-2773","2957689","Cumulative Security Update for Internet Explorer","Microsoft Windows Server 2003 x64 Edition Service Pack 2","Microsoft Internet Explorer 6.0","Critical","Remote Code Execution","https://exploit-db.com/exploits/34010"
"20140610","CVE-2014-2773","2957689","Cumulative Security Update for Internet Explorer","Microsoft Windows Server 2003 for Itanium-based Systems Service Pack 2","Microsoft Internet Explorer 6.0","Critical","Remote Code Execution","https://exploit-db.com/exploits/34010"
"20130709","CVE-2013-3132","2833941","Vulnerabilities in .NET Framework and Silverlight Could Allow Remote Code Execution","Microsoft Windows Server 2003 x64 Edition Service Pack 2","Microsoft .NET Framework 1.1 Service Pack 1","Critical","Remote Code Execution",""
"20130709","CVE-2013-3132","2840628","Vulnerabilities in .NET Framework and Silverlight Could Allow Remote Code Execution","Microsoft Windows Server 2003 for Itanium-based Systems Service Pack 2","Microsoft .NET Framework 4","Critical","Remote Code Execution",""
"20130709","CVE-2013-3132","2840629","Vulnerabilities in .NET Framework and Silverlight Could Allow Remote Code Execution","Microsoft Windows Server 2003 for Itanium-based Systems Service Pack 2","Microsoft .NET Framework 3.5 Service Pack 1","Critical","Remote Code Execution",""
"20130709","CVE-2013-3132","2840629","Vulnerabilities in .NET Framework and Silverlight Could Allow Remote Code Execution","Microsoft Windows Server 2003 x64 Edition Service Pack 2","Microsoft .NET Framework 3.5 Service Pack 1","Critical","Remote Code Execution",""
"20130709","CVE-2013-3132","2840628","Vulnerabilities in .NET Framework and Silverlight Could Allow Remote Code Execution","Microsoft Windows Server 2003 x64 Edition Service Pack 2","Microsoft .NET Framework 4","Critical","Remote Code Execution",""
"20130709","CVE-2013-3132","2844285","Vulnerabilities in .NET Framework and Silverlight Could Allow Remote Code Execution","Microsoft Windows Server 2003 for Itanium-based Systems Service Pack 2","Microsoft .NET Framework 2.0 Service Pack 2","Critical","Remote Code Execution",""
"20130709","CVE-2013-3132","2833941","Vulnerabilities in .NET Framework and Silverlight Could Allow Remote Code Execution","Microsoft Windows Server 2003 for Itanium-based Systems Service Pack 2","Microsoft .NET Framework 1.1 Service Pack 1","Critical","Remote Code Execution",""
"20131008","CVE-2013-3894","2884256","Vulnerabilities in Windows Kernel-Mode Drivers Could Allow Remote Code Execution","Microsoft Windows Server 2003 for Itanium-based Systems Service Pack 2","","Critical","Remote Code Execution",""
"20131008","CVE-2013-3894","2862335","Vulnerabilities in Windows Kernel-Mode Drivers Could Allow Remote Code Execution","Microsoft Windows Server 2003 x64 Edition Service Pack 2","","Critical","Remote Code Execution",""
"20131008","CVE-2013-3894","2862335","Vulnerabilities in Windows Kernel-Mode Drivers Could Allow Remote Code Execution","Microsoft Windows Server 2003 for Itanium-based Systems Service Pack 2","","Critical","Remote Code Execution",""
"20131008","CVE-2013-3894","2862330","Vulnerabilities in Windows Kernel-Mode Drivers Could Allow Remote Code Execution","Microsoft Windows Server 2003 x64 Edition Service Pack 2","","Critical","Remote Code Execution",""
"20131008","CVE-2013-3894","2862330","Vulnerabilities in Windows Kernel-Mode Drivers Could Allow Remote Code Execution","Microsoft Windows Server 2003 for Itanium-based Systems Service Pack 2","","Critical","Remote Code Execution",""
"20131008","CVE-2013-3894","2884256","Vulnerabilities in Windows Kernel-Mode Drivers Could Allow Remote Code Execution","Microsoft Windows Server 2003 x64 Edition Service Pack 2","","Critical","Remote Code Execution",""
"20131008","CVE-2013-3894","2868038","Vulnerabilities in Windows Kernel-Mode Drivers Could Allow Remote Code Execution","Microsoft Windows Server 2003 x64 Edition Service Pack 2","","Critical","Remote Code Execution",""
"20131008","CVE-2013-3894","2868038","Vulnerabilities in Windows Kernel-Mode Drivers Could Allow Remote Code Execution","Microsoft Windows Server 2003 for Itanium-based Systems Service Pack 2","","Critical","Remote Code Execution",""
"20091208","CVE-2009-3677","974318","Vulnerabilities in Internet Authentication Service Could Allow Remote Code Execution","Microsoft Windows Server 2003 x64 Edition Service Pack 2","","Critical","Remote Code Execution",""
"20091208","CVE-2009-3677","974318","Vulnerabilities in Internet Authentication Service Could Allow Remote Code Execution","Microsoft Windows Server 2003 for Itanium-based Systems Service Pack 2","","Critical","Remote Code Execution",""
"20090414","CVE-2008-1436","952004","Vulnerabilities in Windows Could Allow Elevation of Privilege","Microsoft Windows Server 2003 x64 Edition","","Important","Elevation of Privilege","https://exploit-db.com/exploits/31667"
"20090414","CVE-2008-1436","952004","Vulnerabilities in Windows Could Allow Elevation of Privilege","Microsoft Windows Server 2003 x64 Edition Service Pack 2","","Important","Elevation of Privilege","https://exploit-db.com/exploits/31667"
"20090414","CVE-2008-1436","952004","Vulnerabilities in Windows Could Allow Elevation of Privilege","Microsoft Windows Server 2003 for Itanium-based Systems Service Pack 1","","Important","Elevation of Privilege","https://exploit-db.com/exploits/31667"
"20090414","CVE-2008-1436","952004","Vulnerabilities in Windows Could Allow Elevation of Privilege","Microsoft Windows Server 2003 for Itanium-based Systems Service Pack 2","","Important","Elevation of Privilege","https://exploit-db.com/exploits/31667"
"20090414","CVE-2008-1436","956572","Vulnerabilities in Windows Could Allow Elevation of Privilege","Microsoft Windows Server 2003 x64 Edition","","Important","Elevation of Privilege","https://exploit-db.com/exploits/31667"
"20090414","CVE-2008-1436","956572","Vulnerabilities in Windows Could Allow Elevation of Privilege","Microsoft Windows Server 2003 x64 Edition Service Pack 2","","Important","Elevation of Privilege","https://exploit-db.com/exploits/31667"
"20090414","CVE-2008-1436","956572","Vulnerabilities in Windows Could Allow Elevation of Privilege","Microsoft Windows Server 2003 for Itanium-based Systems Service Pack 1","","Important","Elevation of Privilege","https://exploit-db.com/exploits/31667"
"20090414","CVE-2008-1436","956572","Vulnerabilities in Windows Could Allow Elevation of Privilege","Microsoft Windows Server 2003 for Itanium-based Systems Service Pack 2","","Important","Elevation of Privilege","https://exploit-db.com/exploits/31667"
"20150714","CVE-2015-2368","3067903","Vulnerabilities in Windows Could Allow Remote Code Execution","Microsoft Windows Server 2003 x64 Edition Service Pack 2","Windows Media Format SDK 11","Important","Remote Code Execution",""
"20150714","CVE-2015-2368","3067903","Vulnerabilities in Windows Could Allow Remote Code Execution","Microsoft Windows Server 2003 x64 Edition Service Pack 2","","Important","Remote Code Execution",""
"20150414","CVE-2015-1646","3046482","Vulnerability in XML Core Services Could Allow Security Feature Bypass","Microsoft Windows Server 2003 x64 Edition Service Pack 2","","Important","Security Feature Bypass",""
"20150414","CVE-2015-1646","3046482","Vulnerability in XML Core Services Could Allow Security Feature Bypass","Microsoft Windows Server 2003 for Itanium-based Systems Service Pack 2","","Important","Security Feature Bypass",""
"20150210","CVE-2015-0061","3029944","Vulnerability in Microsoft Graphics Component Could Allow Information Disclosure","Microsoft Windows Server 2003 x64 Edition Service Pack 2","","Important","Information Disclosure",""
"20150210","CVE-2015-0061","3029944","Vulnerability in Microsoft Graphics Component Could Allow Information Disclosure","Microsoft Windows Server 2003 for Itanium-based Systems Service Pack 2","","Important","Information Disclosure",""
"20140610","CVE-2014-1762","2957689","Cumulative Security Update for Internet Explorer","Microsoft Windows Server 2003 x64 Edition Service Pack 2","Windows Internet Explorer 7","Critical","Remote Code Execution","https://exploit-db.com/exploits/34010"
"20140610","CVE-2014-1762","2957689","Cumulative Security Update for Internet Explorer","Microsoft Windows Server 2003 for Itanium-based Systems Service Pack 2","Windows Internet Explorer 7","Critical","Remote Code Execution","https://exploit-db.com/exploits/34010"
"20140610","CVE-2014-1762","2957689","Cumulative Security Update for Internet Explorer","Microsoft Windows Server 2003 x64 Edition Service Pack 2","Windows Internet Explorer 8","Critical","Remote Code Execution","https://exploit-db.com/exploits/34010"
"20140610","CVE-2014-1762","2957689","Cumulative Security Update for Internet Explorer","Microsoft Windows Server 2003 x64 Edition Service Pack 2","Microsoft Internet Explorer 6.0","Critical","Remote Code Execution","https://exploit-db.com/exploits/34010"
"20140610","CVE-2014-1762","2957689","Cumulative Security Update for Internet Explorer","Microsoft Windows Server 2003 for Itanium-based Systems Service Pack 2","Microsoft Internet Explorer 6.0","Critical","Remote Code Execution","https://exploit-db.com/exploits/34010"
"20120710","CVE-2012-1891","2698365","Vulnerability in Microsoft Data Access Components Could Allow Remote Code Execution","Microsoft Windows Server 2003 x64 Edition Service Pack 2","Windows Data Access Components 6.0","Critical","Remote Code Execution",""
"20120710","CVE-2012-1891","2698365","Vulnerability in Microsoft Data Access Components Could Allow Remote Code Execution","Microsoft Windows Server 2003 for Itanium-based Systems Service Pack 2","Windows Data Access Components 6.0","Critical","Remote Code Execution",""
"20131008","CVE-2013-3879","2884256","Vulnerabilities in Windows Kernel-Mode Drivers Could Allow Remote Code Execution","Microsoft Windows Server 2003 for Itanium-based Systems Service Pack 2","","Critical","Remote Code Execution",""
"20131008","CVE-2013-3879","2862335","Vulnerabilities in Windows Kernel-Mode Drivers Could Allow Remote Code Execution","Microsoft Windows Server 2003 x64 Edition Service Pack 2","","Critical","Remote Code Execution",""
"20131008","CVE-2013-3879","2862335","Vulnerabilities in Windows Kernel-Mode Drivers Could Allow Remote Code Execution","Microsoft Windows Server 2003 for Itanium-based Systems Service Pack 2","","Critical","Remote Code Execution",""
"20131008","CVE-2013-3879","2862330","Vulnerabilities in Windows Kernel-Mode Drivers Could Allow Remote Code Execution","Microsoft Windows Server 2003 x64 Edition Service Pack 2","","Critical","Remote Code Execution",""
"20131008","CVE-2013-3879","2862330","Vulnerabilities in Windows Kernel-Mode Drivers Could Allow Remote Code Execution","Microsoft Windows Server 2003 for Itanium-based Systems Service Pack 2","","Critical","Remote Code Execution",""
"20131008","CVE-2013-3879","2884256","Vulnerabilities in Windows Kernel-Mode Drivers Could Allow Remote Code Execution","Microsoft Windows Server 2003 x64 Edition Service Pack 2","","Critical","Remote Code Execution",""
"20131008","CVE-2013-3879","2868038","Vulnerabilities in Windows Kernel-Mode Drivers Could Allow Remote Code Execution","Microsoft Windows Server 2003 x64 Edition Service Pack 2","","Critical","Remote Code Execution",""
"20131008","CVE-2013-3879","2868038","Vulnerabilities in Windows Kernel-Mode Drivers Could Allow Remote Code Execution","Microsoft Windows Server 2003 for Itanium-based Systems Service Pack 2","","Critical","Remote Code Execution",""
"20090609","CVE-2009-1122","970483","Vulnerabilities in Internet Information Services (IIS) Could Allow Elevation of Privilege","Microsoft Windows Server 2003 x64 Edition Service Pack 2","Microsoft Internet Information Services 6.0","Important","Elevation of Privilege","https://exploit-db.com/exploits/8806"
"20090609","CVE-2009-1122","970483","Vulnerabilities in Internet Information Services (IIS) Could Allow Elevation of Privilege","Microsoft Windows Server 2003 for Itanium-based Systems Service Pack 2","Microsoft Internet Information Services 6.0","Important","Elevation of Privilege","https://exploit-db.com/exploits/8806"
"20110208","CVE-2011-0045","2393802","Vulnerabilities in Windows Kernel Could Allow Elevation of Privilege","Microsoft Windows Server 2003 x64 Edition Service Pack 2","","Important","Elevation of Privilege","https://exploit-db.com/exploits/16262"
"20110208","CVE-2011-0045","2393802","Vulnerabilities in Windows Kernel Could Allow Elevation of Privilege","Microsoft Windows Server 2003 for Itanium-based Systems Service Pack 2","","Important","Elevation of Privilege","https://exploit-db.com/exploits/16262"
"20150512","CVE-2015-1702","3055642","Vulnerability in Service Control Manager Could Allow Elevation of Privilege","Microsoft Windows Server 2003 x64 Edition Service Pack 2","","Important","Elevation of Privilege",""
"20150512","CVE-2015-1702","3055642","Vulnerability in Service Control Manager Could Allow Elevation of Privilege","Microsoft Windows Server 2003 for Itanium-based Systems Service Pack 2","","Important","Elevation of Privilege",""
"20140610","CVE-2014-2776","2957689","Cumulative Security Update for Internet Explorer","Microsoft Windows Server 2003 x64 Edition Service Pack 2","Windows Internet Explorer 7","Critical","Remote Code Execution","https://exploit-db.com/exploits/34010"
"20140610","CVE-2014-2776","2957689","Cumulative Security Update for Internet Explorer","Microsoft Windows Server 2003 for Itanium-based Systems Service Pack 2","Windows Internet Explorer 7","Critical","Remote Code Execution","https://exploit-db.com/exploits/34010"
"20140610","CVE-2014-2776","2957689","Cumulative Security Update for Internet Explorer","Microsoft Windows Server 2003 x64 Edition Service Pack 2","Windows Internet Explorer 8","Critical","Remote Code Execution","https://exploit-db.com/exploits/34010"
"20140610","CVE-2014-2776","2957689","Cumulative Security Update for Internet Explorer","Microsoft Windows Server 2003 x64 Edition Service Pack 2","Microsoft Internet Explorer 6.0","Critical","Remote Code Execution","https://exploit-db.com/exploits/34010"
"20140610","CVE-2014-2776","2957689","Cumulative Security Update for Internet Explorer","Microsoft Windows Server 2003 for Itanium-based Systems Service Pack 2","Microsoft Internet Explorer 6.0","Critical","Remote Code Execution","https://exploit-db.com/exploits/34010"
"20150714","CVE-2015-1733","3065822","Security Update for Internet Explorer","Microsoft Windows Server 2003 x64 Edition Service Pack 2","Microsoft Internet Explorer 6.0","Critical","Remote Code Execution",""
"20150714","CVE-2015-1733","3065822","Security Update for Internet Explorer","Microsoft Windows Server 2003 for Itanium-based Systems Service Pack 2","Microsoft Internet Explorer 6.0","Critical","Remote Code Execution",""
"20150714","CVE-2015-1733","3065822","Security Update for Internet Explorer","Microsoft Windows Server 2003 x64 Edition Service Pack 2","Windows Internet Explorer 7","Critical","Remote Code Execution",""
"20150714","CVE-2015-1733","3065822","Security Update for Internet Explorer","Microsoft Windows Server 2003 for Itanium-based Systems Service Pack 2","Windows Internet Explorer 7","Critical","Remote Code Execution",""
"20150714","CVE-2015-1733","3065822","Security Update for Internet Explorer","Microsoft Windows Server 2003 x64 Edition Service Pack 2","Windows Internet Explorer 8","Critical","Remote Code Execution",""
"20140610","CVE-2014-1799","2957689","Cumulative Security Update for Internet Explorer","Microsoft Windows Server 2003 x64 Edition Service Pack 2","Windows Internet Explorer 7","Critical","Remote Code Execution","https://exploit-db.com/exploits/34010"
"20140610","CVE-2014-1799","2957689","Cumulative Security Update for Internet Explorer","Microsoft Windows Server 2003 for Itanium-based Systems Service Pack 2","Windows Internet Explorer 7","Critical","Remote Code Execution","https://exploit-db.com/exploits/34010"
"20140610","CVE-2014-1799","2957689","Cumulative Security Update for Internet Explorer","Microsoft Windows Server 2003 x64 Edition Service Pack 2","Windows Internet Explorer 8","Critical","Remote Code Execution","https://exploit-db.com/exploits/34010"
"20140610","CVE-2014-1799","2957689","Cumulative Security Update for Internet Explorer","Microsoft Windows Server 2003 x64 Edition Service Pack 2","Microsoft Internet Explorer 6.0","Critical","Remote Code Execution","https://exploit-db.com/exploits/34010"
"20140610","CVE-2014-1799","2957689","Cumulative Security Update for Internet Explorer","Microsoft Windows Server 2003 for Itanium-based Systems Service Pack 2","Microsoft Internet Explorer 6.0","Critical","Remote Code Execution","https://exploit-db.com/exploits/34010"
"20140812","CVE-2014-2799","2976627","Cumulative Security Update for Internet Explorer","Microsoft Windows Server 2003 x64 Edition Service Pack 2","Microsoft Internet Explorer 6.0","Critical","Remote Code Execution",""
"20140812","CVE-2014-2799","2976627","Cumulative Security Update for Internet Explorer","Microsoft Windows Server 2003 for Itanium-based Systems Service Pack 2","Microsoft Internet Explorer 6.0","Critical","Remote Code Execution",""
"20140812","CVE-2014-2799","2976627","Cumulative Security Update for Internet Explorer","Microsoft Windows Server 2003 x64 Edition Service Pack 2","Windows Internet Explorer 7","Critical","Remote Code Execution",""
"20140812","CVE-2014-2799","2976627","Cumulative Security Update for Internet Explorer","Microsoft Windows Server 2003 for Itanium-based Systems Service Pack 2","Windows Internet Explorer 7","Critical","Remote Code Execution",""
"20140812","CVE-2014-2799","2976627","Cumulative Security Update for Internet Explorer","Microsoft Windows Server 2003 x64 Edition Service Pack 2","Windows Internet Explorer 8","Critical","Remote Code Execution",""
"20090210","CVE-2009-0076","961260","Cumulative Security Update for Internet Explorer (961260)","Microsoft Windows Server 2003 x64 Edition","Windows Internet Explorer 7","Critical","Remote Code Execution","https://exploit-db.com/exploits/8082, https://exploit-db.com/exploits/8079, https://exploit-db.com/exploits/8080, https://exploit-db.com/exploits/8152"
"20090210","CVE-2009-0076","961260","Cumulative Security Update for Internet Explorer (961260)","Microsoft Windows Server 2003 x64 Edition Service Pack 2","Windows Internet Explorer 7","Critical","Remote Code Execution","https://exploit-db.com/exploits/8082, https://exploit-db.com/exploits/8079, https://exploit-db.com/exploits/8080, https://exploit-db.com/exploits/8152"
"20090210","CVE-2009-0076","961260","Cumulative Security Update for Internet Explorer (961260)","Microsoft Windows Server 2003 for Itanium-based Systems Service Pack 1","Windows Internet Explorer 7","Critical","Remote Code Execution","https://exploit-db.com/exploits/8082, https://exploit-db.com/exploits/8079, https://exploit-db.com/exploits/8080, https://exploit-db.com/exploits/8152"
"20090210","CVE-2009-0076","961260","Cumulative Security Update for Internet Explorer (961260)","Microsoft Windows Server 2003 for Itanium-based Systems Service Pack 2","Windows Internet Explorer 7","Critical","Remote Code Execution","https://exploit-db.com/exploits/8082, https://exploit-db.com/exploits/8079, https://exploit-db.com/exploits/8080, https://exploit-db.com/exploits/8152"
"20090811","CVE-2008-0020","973507","Vulnerabilities in Microsoft Active Template Library (ATL) Could Allow Remote Code Execution","Microsoft Windows Server 2003 x64 Edition Service Pack 2","Windows ATL Component","Critical","Remote Code Execution",""
"20090811","CVE-2008-0020","973507","Vulnerabilities in Microsoft Active Template Library (ATL) Could Allow Remote Code Execution","Microsoft Windows Server 2003 for Itanium-based Systems Service Pack 2","Windows ATL Component","Critical","Remote Code Execution",""
"20090811","CVE-2008-0020","973815","Vulnerabilities in Microsoft Active Template Library (ATL) Could Allow Remote Code Execution","Microsoft Windows Server 2003 x64 Edition Service Pack 2","Microsoft MSWebDVD ActiveX Control","Critical","Remote Code Execution",""
"20090811","CVE-2008-0020","973815","Vulnerabilities in Microsoft Active Template Library (ATL) Could Allow Remote Code Execution","Microsoft Windows Server 2003 for Itanium-based Systems Service Pack 2","Microsoft MSWebDVD ActiveX Control","Critical","Remote Code Execution",""
"20090811","CVE-2008-0020","973869","Vulnerabilities in Microsoft Active Template Library (ATL) Could Allow Remote Code Execution","Microsoft Windows Server 2003 x64 Edition Service Pack 2","DHTML Editing Component ActiveX Control","Critical","Remote Code Execution",""
"20090811","CVE-2008-0020","973869","Vulnerabilities in Microsoft Active Template Library (ATL) Could Allow Remote Code Execution","Microsoft Windows Server 2003 for Itanium-based Systems Service Pack 2","DHTML Editing Component ActiveX Control","Critical","Remote Code Execution",""
"20090811","CVE-2008-0020","973540","Vulnerabilities in Microsoft Active Template Library (ATL) Could Allow Remote Code Execution","Microsoft Windows Server 2003 x64 Edition Service Pack 2","Windows Media Player 10","Critical","Remote Code Execution",""
"20110913","CVE-2011-1991","2570947","Vulnerability in Windows Components Could Allow Remote Code Execution","Microsoft Windows Server 2003 x64 Edition Service Pack 2","","Important","Remote Code Execution",""
"20110913","CVE-2011-1991","2570947","Vulnerability in Windows Components Could Allow Remote Code Execution","Microsoft Windows Server 2003 for Itanium-based Systems Service Pack 2","","Important","Remote Code Execution",""
"20140610","CVE-2014-0282","2957689","Cumulative Security Update for Internet Explorer","Microsoft Windows Server 2003 x64 Edition Service Pack 2","Windows Internet Explorer 7","Critical","Remote Code Execution","https://exploit-db.com/exploits/33860, https://exploit-db.com/exploits/34010"
"20140610","CVE-2014-0282","2957689","Cumulative Security Update for Internet Explorer","Microsoft Windows Server 2003 for Itanium-based Systems Service Pack 2","Windows Internet Explorer 7","Critical","Remote Code Execution","https://exploit-db.com/exploits/33860, https://exploit-db.com/exploits/34010"
"20140610","CVE-2014-0282","2957689","Cumulative Security Update for Internet Explorer","Microsoft Windows Server 2003 x64 Edition Service Pack 2","Windows Internet Explorer 8","Critical","Remote Code Execution","https://exploit-db.com/exploits/33860, https://exploit-db.com/exploits/34010"
"20140610","CVE-2014-0282","2957689","Cumulative Security Update for Internet Explorer","Microsoft Windows Server 2003 x64 Edition Service Pack 2","Microsoft Internet Explorer 6.0","Critical","Remote Code Execution","https://exploit-db.com/exploits/33860, https://exploit-db.com/exploits/34010"
"20140610","CVE-2014-0282","2957689","Cumulative Security Update for Internet Explorer","Microsoft Windows Server 2003 for Itanium-based Systems Service Pack 2","Microsoft Internet Explorer 6.0","Critical","Remote Code Execution","https://exploit-db.com/exploits/33860, https://exploit-db.com/exploits/34010"
"20120508","CVE-2012-0159","2676562","Combined Security Update for Microsoft Office, Windows, .NET Framework, and Silverlight","Microsoft Windows Server 2003 for Itanium-based Systems Service Pack 2","","Critical","Remote Code Execution",""
"20120508","CVE-2012-0159","2676562","Combined Security Update for Microsoft Office, Windows, .NET Framework, and Silverlight","Microsoft Windows Server 2003 x64 Edition Service Pack 2","","Critical","Remote Code Execution",""
"20120508","CVE-2012-0159","2659262","Combined Security Update for Microsoft Office, Windows, .NET Framework, and Silverlight","Microsoft Windows Server 2003 for Itanium-based Systems Service Pack 2","","Critical","Remote Code Execution",""
"20120508","CVE-2012-0159","2659262","Combined Security Update for Microsoft Office, Windows, .NET Framework, and Silverlight","Microsoft Windows Server 2003 x64 Edition Service Pack 2","","Critical","Remote Code Execution",""
"20120508","CVE-2012-0159","2686509","Combined Security Update for Microsoft Office, Windows, .NET Framework, and Silverlight","Microsoft Windows Server 2003 for Itanium-based Systems Service Pack 2","","Critical","Remote Code Execution",""
"20120508","CVE-2012-0159","2686509","Combined Security Update for Microsoft Office, Windows, .NET Framework, and Silverlight","Microsoft Windows Server 2003 x64 Edition Service Pack 2","","Critical","Remote Code Execution",""
"20090811","CVE-2009-0901","973507","Vulnerabilities in Microsoft Active Template Library (ATL) Could Allow Remote Code Execution","Microsoft Windows Server 2003 x64 Edition Service Pack 2","Windows ATL Component","Critical","Remote Code Execution",""
"20090811","CVE-2009-0901","973507","Vulnerabilities in Microsoft Active Template Library (ATL) Could Allow Remote Code Execution","Microsoft Windows Server 2003 for Itanium-based Systems Service Pack 2","Windows ATL Component","Critical","Remote Code Execution",""
"20090811","CVE-2009-0901","973815","Vulnerabilities in Microsoft Active Template Library (ATL) Could Allow Remote Code Execution","Microsoft Windows Server 2003 x64 Edition Service Pack 2","Microsoft MSWebDVD ActiveX Control","Critical","Remote Code Execution",""
"20090811","CVE-2009-0901","973815","Vulnerabilities in Microsoft Active Template Library (ATL) Could Allow Remote Code Execution","Microsoft Windows Server 2003 for Itanium-based Systems Service Pack 2","Microsoft MSWebDVD ActiveX Control","Critical","Remote Code Execution",""
"20090811","CVE-2009-0901","973869","Vulnerabilities in Microsoft Active Template Library (ATL) Could Allow Remote Code Execution","Microsoft Windows Server 2003 x64 Edition Service Pack 2","DHTML Editing Component ActiveX Control","Critical","Remote Code Execution",""
"20090811","CVE-2009-0901","973869","Vulnerabilities in Microsoft Active Template Library (ATL) Could Allow Remote Code Execution","Microsoft Windows Server 2003 for Itanium-based Systems Service Pack 2","DHTML Editing Component ActiveX Control","Critical","Remote Code Execution",""
"20090811","CVE-2009-0901","973540","Vulnerabilities in Microsoft Active Template Library (ATL) Could Allow Remote Code Execution","Microsoft Windows Server 2003 x64 Edition Service Pack 2","Windows Media Player 10","Critical","Remote Code Execution",""
"20140610","CVE-2014-1780","2957689","Cumulative Security Update for Internet Explorer","Microsoft Windows Server 2003 x64 Edition Service Pack 2","Windows Internet Explorer 7","Critical","Remote Code Execution","https://exploit-db.com/exploits/34010"
"20140610","CVE-2014-1780","2957689","Cumulative Security Update for Internet Explorer","Microsoft Windows Server 2003 for Itanium-based Systems Service Pack 2","Windows Internet Explorer 7","Critical","Remote Code Execution","https://exploit-db.com/exploits/34010"
"20140610","CVE-2014-1780","2957689","Cumulative Security Update for Internet Explorer","Microsoft Windows Server 2003 x64 Edition Service Pack 2","Windows Internet Explorer 8","Critical","Remote Code Execution","https://exploit-db.com/exploits/34010"
"20140610","CVE-2014-1780","2957689","Cumulative Security Update for Internet Explorer","Microsoft Windows Server 2003 x64 Edition Service Pack 2","Microsoft Internet Explorer 6.0","Critical","Remote Code Execution","https://exploit-db.com/exploits/34010"
"20140610","CVE-2014-1780","2957689","Cumulative Security Update for Internet Explorer","Microsoft Windows Server 2003 for Itanium-based Systems Service Pack 2","Microsoft Internet Explorer 6.0","Critical","Remote Code Execution","https://exploit-db.com/exploits/34010"
"20130212","CVE-2013-0077","2780091","Vulnerability in Media Decompression Could Allow Remote Code Execution","Microsoft Windows Server 2003 x64 Edition Service Pack 2","Microsoft DirectX","Critical","Remote Code Execution",""
"20130212","CVE-2013-0077","2780091","Vulnerability in Media Decompression Could Allow Remote Code Execution","Microsoft Windows Server 2003 for Itanium-based Systems Service Pack 2","Microsoft DirectX","Critical","Remote Code Execution",""
"20131008","CVE-2013-3195","2864058","Vulnerability in Windows Common Control Library Could Allow Remote Code Execution","Microsoft Windows Server 2003 x64 Edition Service Pack 2","","Critical","Remote Code Execution",""
"20131008","CVE-2013-3195","2864058","Vulnerability in Windows Common Control Library Could Allow Remote Code Execution","Microsoft Windows Server 2003 for Itanium-based Systems Service Pack 2","","Critical","Remote Code Execution",""
"20100608","CVE-2010-1880","979482","Vulnerabilities in Media Decompression Could Allow Remote Code Execution","Microsoft Windows Server 2003 x64 Edition Service Pack 2","Asycfilt.dll (COM component)","Critical","Remote Code Execution",""
"20100608","CVE-2010-1880","979482","Vulnerabilities in Media Decompression Could Allow Remote Code Execution","Microsoft Windows Server 2003 for Itanium-based Systems Service Pack 2","Asycfilt.dll (COM component)","Critical","Remote Code Execution",""
"20100608","CVE-2010-1880","978695","Vulnerabilities in Media Decompression Could Allow Remote Code Execution","Microsoft Windows Server 2003 x64 Edition Service Pack 2","Windows Media Format Runtime 9.5","Critical","Remote Code Execution",""
"20100608","CVE-2010-1880","978695","Vulnerabilities in Media Decompression Could Allow Remote Code Execution","Microsoft Windows Server 2003 x64 Edition Service Pack 2","DirectShow","Critical","Remote Code Execution",""
"20101012","CVE-2010-3222","2360937","Vulnerability in Windows Local Procedure Call Could Cause Elevation of Privilege","Microsoft Windows Server 2003 x64 Edition Service Pack 2","","Important","Elevation of Privilege",""
"20101012","CVE-2010-3222","2360937","Vulnerability in Windows Local Procedure Call Could Cause Elevation of Privilege","Microsoft Windows Server 2003 for Itanium-based Systems Service Pack 2","","Important","Elevation of Privilege",""
"20120110","CVE-2011-3389","2638806","Vulnerability in SSL/TLS Could Allow Information Disclosure","Microsoft Windows Server 2003 x64 Edition Service Pack 2","","Important","Information Disclosure",""
"20120110","CVE-2011-3389","2638806","Vulnerability in SSL/TLS Could Allow Information Disclosure","Microsoft Windows Server 2003 for Itanium-based Systems Service Pack 2","","Important","Information Disclosure",""
"20100413","CVE-2010-0487","979309","Vulnerabilities in Windows Could Allow Remote Code Execution","Microsoft Windows Server 2003 x64 Edition Service Pack 2","Cabinet File Viewer Shell Extension 6.0","Critical","Remote Code Execution",""
"20100413","CVE-2010-0487","979309","Vulnerabilities in Windows Could Allow Remote Code Execution","Microsoft Windows Server 2003 for Itanium-based Systems Service Pack 2","Cabinet File Viewer Shell Extension 6.0","Critical","Remote Code Execution",""
"20110208","CVE-2010-3970","2483185","Vulnerability in Windows Shell Graphics Processing Could Allow Remote Code Execution","Microsoft Windows Server 2003 x64 Edition Service Pack 2","","Critical","Remote Code Execution","http://www.metasploit.com/redmine/projects/framework/repository/revisions/11466/entry/modules/exploits/windows/fileformat/ms11_xxx_createsizeddibsection.rb, http://www.securityfocus.com/bid/45662, https://exploit-db.com/exploits/16660"
"20110208","CVE-2010-3970","2483185","Vulnerability in Windows Shell Graphics Processing Could Allow Remote Code Execution","Microsoft Windows Server 2003 for Itanium-based Systems Service Pack 2","","Critical","Remote Code Execution","http://www.metasploit.com/redmine/projects/framework/repository/revisions/11466/entry/modules/exploits/windows/fileformat/ms11_xxx_createsizeddibsection.rb, http://www.securityfocus.com/bid/45662, https://exploit-db.com/exploits/16660"
"20150512","CVE-2015-1676","3045171","Vulnerabilities in Windows Kernel-Mode Drivers Could Allow Elevation of Privilege","Microsoft Windows Server 2003 x64 Edition Service Pack 2","","Important","Elevation of Privilege","https://exploit-db.com/exploits/37049"
"20150512","CVE-2015-1676","3045171","Vulnerabilities in Windows Kernel-Mode Drivers Could Allow Elevation of Privilege","Microsoft Windows Server 2003 for Itanium-based Systems Service Pack 2","","Important","Elevation of Privilege","https://exploit-db.com/exploits/37049"
"20140812","CVE-2014-2827","2976627","Cumulative Security Update for Internet Explorer","Microsoft Windows Server 2003 x64 Edition Service Pack 2","Microsoft Internet Explorer 6.0","Critical","Remote Code Execution",""
"20140812","CVE-2014-2827","2976627","Cumulative Security Update for Internet Explorer","Microsoft Windows Server 2003 for Itanium-based Systems Service Pack 2","Microsoft Internet Explorer 6.0","Critical","Remote Code Execution",""
"20140812","CVE-2014-2827","2976627","Cumulative Security Update for Internet Explorer","Microsoft Windows Server 2003 x64 Edition Service Pack 2","Windows Internet Explorer 7","Critical","Remote Code Execution",""
"20140812","CVE-2014-2827","2976627","Cumulative Security Update for Internet Explorer","Microsoft Windows Server 2003 for Itanium-based Systems Service Pack 2","Windows Internet Explorer 7","Critical","Remote Code Execution",""
"20140812","CVE-2014-2827","2976627","Cumulative Security Update for Internet Explorer","Microsoft Windows Server 2003 x64 Edition Service Pack 2","Windows Internet Explorer 8","Critical","Remote Code Execution",""
"20130910","CVE-2013-0810","2864063","Vulnerability in Windows Theme File Could Allow Remote Code Execution","Microsoft Windows Server 2003 for Itanium-based Systems Service Pack 2","","Important","Remote Code Execution","https://exploit-db.com/exploits/28482"
"20130910","CVE-2013-0810","2864063","Vulnerability in Windows Theme File Could Allow Remote Code Execution","Microsoft Windows Server 2003 x64 Edition Service Pack 2","","Important","Remote Code Execution","https://exploit-db.com/exploits/28482"
"20140812","CVE-2014-2817","2976627","Cumulative Security Update for Internet Explorer","Microsoft Windows Server 2003 x64 Edition Service Pack 2","Microsoft Internet Explorer 6.0","Critical","Remote Code Execution",""
"20140812","CVE-2014-2817","2976627","Cumulative Security Update for Internet Explorer","Microsoft Windows Server 2003 for Itanium-based Systems Service Pack 2","Microsoft Internet Explorer 6.0","Critical","Remote Code Execution",""
"20140812","CVE-2014-2817","2976627","Cumulative Security Update for Internet Explorer","Microsoft Windows Server 2003 x64 Edition Service Pack 2","Windows Internet Explorer 7","Critical","Remote Code Execution",""
"20140812","CVE-2014-2817","2976627","Cumulative Security Update for Internet Explorer","Microsoft Windows Server 2003 for Itanium-based Systems Service Pack 2","Windows Internet Explorer 7","Critical","Remote Code Execution",""
"20140812","CVE-2014-2817","2976627","Cumulative Security Update for Internet Explorer","Microsoft Windows Server 2003 x64 Edition Service Pack 2","Windows Internet Explorer 8","Critical","Remote Code Execution",""
"20100511","CVE-2010-0816","978542","Vulnerability in Outlook Express and Windows Mail Could Allow Remote Code Execution","Microsoft Windows Server 2003 x64 Edition Service Pack 2","Microsoft Outlook Express 6.0","Critical","Remote Code Execution","http://archives.neohapsis.com/archives/bugtraq/2010-05/0068.html, http://www.protekresearchlab.com/index.php?option=com_content&view=article&id=13&Itemid=13, http://www.securityfocus.com/bid/40052, https://exploit-db.com/exploits/12564"
"20100511","CVE-2010-0816","978542","Vulnerability in Outlook Express and Windows Mail Could Allow Remote Code Execution","Microsoft Windows Server 2003 for Itanium-based Systems Service Pack 2","Microsoft Outlook Express 6.0","Critical","Remote Code Execution","http://archives.neohapsis.com/archives/bugtraq/2010-05/0068.html, http://www.protekresearchlab.com/index.php?option=com_content&view=article&id=13&Itemid=13, http://www.securityfocus.com/bid/40052, https://exploit-db.com/exploits/12564"
"20131008","CVE-2013-3861","2863239","Vulnerabilities in .NET Framework Could Allow Remote Code Execution","Microsoft Windows Server 2003 x64 Edition Service Pack 2","Microsoft .NET Framework 2.0 Service Pack 2","Critical","Remote Code Execution",""
"20131008","CVE-2013-3861","2863239","Vulnerabilities in .NET Framework Could Allow Remote Code Execution","Microsoft Windows Server 2003 for Itanium-based Systems Service Pack 2","Microsoft .NET Framework 2.0 Service Pack 2","Critical","Remote Code Execution",""
"20131008","CVE-2013-3861","2861697","Vulnerabilities in .NET Framework Could Allow Remote Code Execution","Microsoft Windows Server 2003 x64 Edition Service Pack 2","Microsoft .NET Framework 3.5 Service Pack 1","Critical","Remote Code Execution",""
"20131008","CVE-2013-3861","2861697","Vulnerabilities in .NET Framework Could Allow Remote Code Execution","Microsoft Windows Server 2003 for Itanium-based Systems Service Pack 2","Microsoft .NET Framework 3.5 Service Pack 1","Critical","Remote Code Execution",""
"20131008","CVE-2013-3861","2861188","Vulnerabilities in .NET Framework Could Allow Remote Code Execution","Microsoft Windows Server 2003 x64 Edition Service Pack 2","Microsoft .NET Framework 4","Critical","Remote Code Execution",""
"20131008","CVE-2013-3861","2858302","Vulnerabilities in .NET Framework Could Allow Remote Code Execution","Microsoft Windows Server 2003 x64 Edition Service Pack 2","Microsoft .NET Framework 4","Critical","Remote Code Execution",""
"20131008","CVE-2013-3861","2858302","Vulnerabilities in .NET Framework Could Allow Remote Code Execution","Microsoft Windows Server 2003 for Itanium-based Systems Service Pack 2","Microsoft .NET Framework 4","Critical","Remote Code Execution",""
"20140610","CVE-2014-1797","2957689","Cumulative Security Update for Internet Explorer","Microsoft Windows Server 2003 x64 Edition Service Pack 2","Windows Internet Explorer 7","Critical","Remote Code Execution","https://exploit-db.com/exploits/34010"
"20140610","CVE-2014-1797","2957689","Cumulative Security Update for Internet Explorer","Microsoft Windows Server 2003 for Itanium-based Systems Service Pack 2","Windows Internet Explorer 7","Critical","Remote Code Execution","https://exploit-db.com/exploits/34010"
"20140610","CVE-2014-1797","2957689","Cumulative Security Update for Internet Explorer","Microsoft Windows Server 2003 x64 Edition Service Pack 2","Windows Internet Explorer 8","Critical","Remote Code Execution","https://exploit-db.com/exploits/34010"
"20140610","CVE-2014-1797","2957689","Cumulative Security Update for Internet Explorer","Microsoft Windows Server 2003 x64 Edition Service Pack 2","Microsoft Internet Explorer 6.0","Critical","Remote Code Execution","https://exploit-db.com/exploits/34010"
"20140610","CVE-2014-1797","2957689","Cumulative Security Update for Internet Explorer","Microsoft Windows Server 2003 for Itanium-based Systems Service Pack 2","Microsoft Internet Explorer 6.0","Critical","Remote Code Execution","https://exploit-db.com/exploits/34010"
"20150512","CVE-2015-1686","3050946","Vulnerabilities in JScript and VBScript Scripting Engines Could Allow Security Feature Bypass","Microsoft Windows Server 2003 x64 Edition Service Pack 2","JScript 5.6","Important","Security Feature Bypass",""
"20150512","CVE-2015-1686","3050946","Vulnerabilities in JScript and VBScript Scripting Engines Could Allow Security Feature Bypass","Microsoft Windows Server 2003 for Itanium-based Systems Service Pack 2","JScript 5.6","Important","Security Feature Bypass",""
"20150512","CVE-2015-1686","3050946","Vulnerabilities in JScript and VBScript Scripting Engines Could Allow Security Feature Bypass","Microsoft Windows Server 2003 x64 Edition Service Pack 2","VBScript 5.6","Important","Security Feature Bypass",""
"20150512","CVE-2015-1686","3050946","Vulnerabilities in JScript and VBScript Scripting Engines Could Allow Security Feature Bypass","Microsoft Windows Server 2003 for Itanium-based Systems Service Pack 2","VBScript 5.6","Important","Security Feature Bypass",""
"20150512","CVE-2015-1686","3050945","Vulnerabilities in JScript and VBScript Scripting Engines Could Allow Security Feature Bypass","Microsoft Windows Server 2003 x64 Edition Service Pack 2","JScript 5.7","Important","Security Feature Bypass",""
"20150512","CVE-2015-1686","3050945","Vulnerabilities in JScript and VBScript Scripting Engines Could Allow Security Feature Bypass","Microsoft Windows Server 2003 for Itanium-based Systems Service Pack 2","JScript 5.7","Important","Security Feature Bypass",""
"20150512","CVE-2015-1686","3050945","Vulnerabilities in JScript and VBScript Scripting Engines Could Allow Security Feature Bypass","Microsoft Windows Server 2003 x64 Edition Service Pack 2","VBScript 5.7","Important","Security Feature Bypass",""
"20150512","CVE-2015-1686","3050945","Vulnerabilities in JScript and VBScript Scripting Engines Could Allow Security Feature Bypass","Microsoft Windows Server 2003 for Itanium-based Systems Service Pack 2","VBScript 5.7","Important","Security Feature Bypass",""
"20150714","CVE-2015-2363","3070102","Vulnerabilities in Windows Kernel-Mode Driver Could Allow Elevation of Privilege","Microsoft Windows Server 2003 x64 Edition Service Pack 2","","Important","Elevation of Privilege",""
"20150714","CVE-2015-2363","3070102","Vulnerabilities in Windows Kernel-Mode Driver Could Allow Elevation of Privilege","Microsoft Windows Server 2003 for Itanium-based Systems Service Pack 2","","Important","Elevation of Privilege",""
"20140610","CVE-2014-1818","2957509","Vulnerabilities in Microsoft Graphics Component Could Allow Remote Code Execution","Microsoft Windows Server 2003 x64 Edition Service Pack 2","Windows GDI+","Critical","Remote Code Execution",""
"20140610","CVE-2014-1818","2957509","Vulnerabilities in Microsoft Graphics Component Could Allow Remote Code Execution","Microsoft Windows Server 2003 for Itanium-based Systems Service Pack 2","Windows GDI+","Critical","Remote Code Execution",""
"20140610","CVE-2014-1818","2957503","Vulnerabilities in Microsoft Graphics Component Could Allow Remote Code Execution","Microsoft Windows Server 2003 x64 Edition Service Pack 2","Windows GDI+","Critical","Remote Code Execution",""
"20140610","CVE-2014-1818","2957503","Vulnerabilities in Microsoft Graphics Component Could Allow Remote Code Execution","Microsoft Windows Server 2003 for Itanium-based Systems Service Pack 2","Windows GDI+","Critical","Remote Code Execution",""
"20120921","CVE-2012-2557","2744842","Cumulative Security Update for Internet Explorer","Microsoft Windows Server 2003 for Itanium-based Systems Service Pack 2","Microsoft Internet Explorer 6.0","Critical","Remote Code Execution",""
"20120921","CVE-2012-2557","2744842","Cumulative Security Update for Internet Explorer","Microsoft Windows Server 2003 x64 Edition Service Pack 2","Microsoft Internet Explorer 6.0","Critical","Remote Code Execution",""
"20120921","CVE-2012-2557","2744842","Cumulative Security Update for Internet Explorer","Microsoft Windows Server 2003 for Itanium-based Systems Service Pack 2","Windows Internet Explorer 7","Critical","Remote Code Execution",""
"20120921","CVE-2012-2557","2744842","Cumulative Security Update for Internet Explorer","Microsoft Windows Server 2003 x64 Edition Service Pack 2","Windows Internet Explorer 7","Critical","Remote Code Execution",""
"20120921","CVE-2012-2557","2744842","Cumulative Security Update for Internet Explorer","Microsoft Windows Server 2003 x64 Edition Service Pack 2","Windows Internet Explorer 8","Critical","Remote Code Execution",""
"20150714","CVE-2015-2404","3065822","Security Update for Internet Explorer","Microsoft Windows Server 2003 x64 Edition Service Pack 2","Microsoft Internet Explorer 6.0","Critical","Remote Code Execution",""
"20150714","CVE-2015-2404","3065822","Security Update for Internet Explorer","Microsoft Windows Server 2003 for Itanium-based Systems Service Pack 2","Microsoft Internet Explorer 6.0","Critical","Remote Code Execution",""
"20150714","CVE-2015-2404","3065822","Security Update for Internet Explorer","Microsoft Windows Server 2003 x64 Edition Service Pack 2","Windows Internet Explorer 7","Critical","Remote Code Execution",""
"20150714","CVE-2015-2404","3065822","Security Update for Internet Explorer","Microsoft Windows Server 2003 for Itanium-based Systems Service Pack 2","Windows Internet Explorer 7","Critical","Remote Code Execution",""
"20150714","CVE-2015-2404","3065822","Security Update for Internet Explorer","Microsoft Windows Server 2003 x64 Edition Service Pack 2","Windows Internet Explorer 8","Critical","Remote Code Execution",""
"20150113","CVE-2015-0014","3020393","Vulnerability in Windows Telnet Service Could Allow Remote Code Execution","Microsoft Windows Server 2003 x64 Edition Service Pack 2","","Critical","Remote Code Execution",""
"20150113","CVE-2015-0014","3020393","Vulnerability in Windows Telnet Service Could Allow Remote Code Execution","Microsoft Windows Server 2003 for Itanium-based Systems Service Pack 2","","Critical","Remote Code Execution",""
"20140513","CVE-2014-1807","2926765","Vulnerability in Windows Shell Handler Could Allow Elevation of Privilege","Microsoft Windows Server 2003 x64 Edition Service Pack 2","","Important","Elevation of Privilege",""
"20140513","CVE-2014-1807","2926765","Vulnerability in Windows Shell Handler Could Allow Elevation of Privilege","Microsoft Windows Server 2003 for Itanium-based Systems Service Pack 2","","Important","Elevation of Privilege",""
"20140408","CVE-2014-0315","2922229","Vulnerability in Windows File Handling Component Could Allow Remote Code Execution","Microsoft Windows Server 2003 for Itanium-based Systems Service Pack 2","","Important","Remote Code Execution",""
"20140408","CVE-2014-0315","2922229","Vulnerability in Windows File Handling Component Could Allow Remote Code Execution","Microsoft Windows Server 2003 x64 Edition Service Pack 2","","Important","Remote Code Execution",""
"20100608","CVE-2010-1256","982666","Vulnerability in Internet Information Services Could Allow Remote Code Execution","Microsoft Windows Server 2003 x64 Edition Service Pack 2","Microsoft Internet Information Services 6.0","Important","Remote Code Execution",""
"20100608","CVE-2010-1256","982666","Vulnerability in Internet Information Services Could Allow Remote Code Execution","Microsoft Windows Server 2003 for Itanium-based Systems Service Pack 2","Microsoft Internet Information Services 6.0","Important","Remote Code Execution",""
"20141111","CVE-2014-4077","2991963","Vulnerability in IME (Japanese) Could Allow Elevation of Privilege","Microsoft Windows Server 2003 x64 Edition Service Pack 2","","Moderate","Elevation of Privilege",""
"20141111","CVE-2014-4077","2991963","Vulnerability in IME (Japanese) Could Allow Elevation of Privilege","Microsoft Windows Server 2003 for Itanium-based Systems Service Pack 2","","Moderate","Elevation of Privilege",""
"20140610","CVE-2014-1789","2957689","Cumulative Security Update for Internet Explorer","Microsoft Windows Server 2003 x64 Edition Service Pack 2","Windows Internet Explorer 7","Critical","Remote Code Execution","https://exploit-db.com/exploits/34010"
"20140610","CVE-2014-1789","2957689","Cumulative Security Update for Internet Explorer","Microsoft Windows Server 2003 for Itanium-based Systems Service Pack 2","Windows Internet Explorer 7","Critical","Remote Code Execution","https://exploit-db.com/exploits/34010"
"20140610","CVE-2014-1789","2957689","Cumulative Security Update for Internet Explorer","Microsoft Windows Server 2003 x64 Edition Service Pack 2","Windows Internet Explorer 8","Critical","Remote Code Execution","https://exploit-db.com/exploits/34010"
"20140610","CVE-2014-1789","2957689","Cumulative Security Update for Internet Explorer","Microsoft Windows Server 2003 x64 Edition Service Pack 2","Microsoft Internet Explorer 6.0","Critical","Remote Code Execution","https://exploit-db.com/exploits/34010"
"20140610","CVE-2014-1789","2957689","Cumulative Security Update for Internet Explorer","Microsoft Windows Server 2003 for Itanium-based Systems Service Pack 2","Microsoft Internet Explorer 6.0","Critical","Remote Code Execution","https://exploit-db.com/exploits/34010"
"20140610","CVE-2014-2772","2957689","Cumulative Security Update for Internet Explorer","Microsoft Windows Server 2003 x64 Edition Service Pack 2","Windows Internet Explorer 7","Critical","Remote Code Execution","https://exploit-db.com/exploits/34010"
"20140610","CVE-2014-2772","2957689","Cumulative Security Update for Internet Explorer","Microsoft Windows Server 2003 for Itanium-based Systems Service Pack 2","Windows Internet Explorer 7","Critical","Remote Code Execution","https://exploit-db.com/exploits/34010"
"20140610","CVE-2014-2772","2957689","Cumulative Security Update for Internet Explorer","Microsoft Windows Server 2003 x64 Edition Service Pack 2","Windows Internet Explorer 8","Critical","Remote Code Execution","https://exploit-db.com/exploits/34010"
"20140610","CVE-2014-2772","2957689","Cumulative Security Update for Internet Explorer","Microsoft Windows Server 2003 x64 Edition Service Pack 2","Microsoft Internet Explorer 6.0","Critical","Remote Code Execution","https://exploit-db.com/exploits/34010"
"20140610","CVE-2014-2772","2957689","Cumulative Security Update for Internet Explorer","Microsoft Windows Server 2003 for Itanium-based Systems Service Pack 2","Microsoft Internet Explorer 6.0","Critical","Remote Code Execution","https://exploit-db.com/exploits/34010"
"20100413","CVE-2010-0025","976323","Vulnerabilities in Microsoft Exchange and Windows SMTP Service Could Allow Denial of Service","Microsoft Windows Server 2003 x64 Edition Service Pack 2","","Important","Denial of Service",""
"20100413","CVE-2010-0025","976323","Vulnerabilities in Microsoft Exchange and Windows SMTP Service Could Allow Denial of Service","Microsoft Windows Server 2003 for Itanium-based Systems Service Pack 2","","Important","Denial of Service",""
"20140610","CVE-2014-1771","2957689","Cumulative Security Update for Internet Explorer","Microsoft Windows Server 2003 x64 Edition Service Pack 2","Windows Internet Explorer 7","Critical","Remote Code Execution","https://exploit-db.com/exploits/34010"
"20140610","CVE-2014-1771","2957689","Cumulative Security Update for Internet Explorer","Microsoft Windows Server 2003 for Itanium-based Systems Service Pack 2","Windows Internet Explorer 7","Critical","Remote Code Execution","https://exploit-db.com/exploits/34010"
"20140610","CVE-2014-1771","2957689","Cumulative Security Update for Internet Explorer","Microsoft Windows Server 2003 x64 Edition Service Pack 2","Windows Internet Explorer 8","Critical","Remote Code Execution","https://exploit-db.com/exploits/34010"
"20140610","CVE-2014-1771","2957689","Cumulative Security Update for Internet Explorer","Microsoft Windows Server 2003 x64 Edition Service Pack 2","Microsoft Internet Explorer 6.0","Critical","Remote Code Execution","https://exploit-db.com/exploits/34010"
"20140610","CVE-2014-1771","2957689","Cumulative Security Update for Internet Explorer","Microsoft Windows Server 2003 for Itanium-based Systems Service Pack 2","Microsoft Internet Explorer 6.0","Critical","Remote Code Execution","https://exploit-db.com/exploits/34010"
"20150714","CVE-2015-2419","3065822","Security Update for Internet Explorer","Microsoft Windows Server 2003 x64 Edition Service Pack 2","Microsoft Internet Explorer 6.0","Critical","Remote Code Execution","https://exploit-db.com/exploits/44743"
"20150714","CVE-2015-2419","3065822","Security Update for Internet Explorer","Microsoft Windows Server 2003 for Itanium-based Systems Service Pack 2","Microsoft Internet Explorer 6.0","Critical","Remote Code Execution","https://exploit-db.com/exploits/44743"
"20150714","CVE-2015-2419","3065822","Security Update for Internet Explorer","Microsoft Windows Server 2003 x64 Edition Service Pack 2","Windows Internet Explorer 7","Critical","Remote Code Execution","https://exploit-db.com/exploits/44743"
"20150714","CVE-2015-2419","3065822","Security Update for Internet Explorer","Microsoft Windows Server 2003 for Itanium-based Systems Service Pack 2","Windows Internet Explorer 7","Critical","Remote Code Execution","https://exploit-db.com/exploits/44743"
"20150714","CVE-2015-2419","3065822","Security Update for Internet Explorer","Microsoft Windows Server 2003 x64 Edition Service Pack 2","Windows Internet Explorer 8","Critical","Remote Code Execution","https://exploit-db.com/exploits/44743"
"20141209","CVE-2014-6355","3013126","Vulnerability in Microsoft Graphics Component Could Allow Information Disclosure","Microsoft Windows Server 2003 x64 Edition Service Pack 2","","Important","Information Disclosure",""
"20141209","CVE-2014-6355","3013126","Vulnerability in Microsoft Graphics Component Could Allow Information Disclosure","Microsoft Windows Server 2003 for Itanium-based Systems Service Pack 2","","Important","Information Disclosure",""
"20120110","CVE-2012-0004","2598479","Vulnerabilities in Windows Media Could Allow Remote Code Execution","Microsoft Windows Server 2003 for Itanium-based Systems Service Pack 2","Windows Multimedia Library","Critical","Remote Code Execution",""
"20120110","CVE-2012-0004","2631813","Vulnerabilities in Windows Media Could Allow Remote Code Execution","Microsoft Windows Server 2003 for Itanium-based Systems Service Pack 2","DirectShow","Critical","Remote Code Execution",""
"20120110","CVE-2012-0004","2598479","Vulnerabilities in Windows Media Could Allow Remote Code Execution","Microsoft Windows Server 2003 x64 Edition Service Pack 2","Windows Multimedia Library","Critical","Remote Code Execution",""
"20120110","CVE-2012-0004","2631813","Vulnerabilities in Windows Media Could Allow Remote Code Execution","Microsoft Windows Server 2003 x64 Edition Service Pack 2","DirectShow","Critical","Remote Code Execution",""
"20120313","CVE-2012-0006","2647170","Vulnerability in DNS Server Could Allow Denial of Service","Microsoft Windows Server 2003 x64 Edition Service Pack 2","","Important","Denial of Service",""
"20120313","CVE-2012-0006","2647170","Vulnerability in DNS Server Could Allow Denial of Service","Microsoft Windows Server 2003 for Itanium-based Systems Service Pack 2","","Important","Denial of Service",""
"20131112","CVE-2013-3918","2900986","Cumulative Security Update of ActiveX Kill Bits","Microsoft Windows Server 2003 for Itanium-based Systems Service Pack 2","","Critical","Remote Code Execution","https://exploit-db.com/exploits/29857"
"20131112","CVE-2013-3918","2900986","Cumulative Security Update of ActiveX Kill Bits","Microsoft Windows Server 2003 x64 Edition Service Pack 2","","Critical","Remote Code Execution","https://exploit-db.com/exploits/29857"
"20140812","CVE-2014-4056","2976627","Cumulative Security Update for Internet Explorer","Microsoft Windows Server 2003 x64 Edition Service Pack 2","Microsoft Internet Explorer 6.0","Critical","Remote Code Execution",""
"20140812","CVE-2014-4056","2976627","Cumulative Security Update for Internet Explorer","Microsoft Windows Server 2003 for Itanium-based Systems Service Pack 2","Microsoft Internet Explorer 6.0","Critical","Remote Code Execution",""
"20140812","CVE-2014-4056","2976627","Cumulative Security Update for Internet Explorer","Microsoft Windows Server 2003 x64 Edition Service Pack 2","Windows Internet Explorer 7","Critical","Remote Code Execution",""
"20140812","CVE-2014-4056","2976627","Cumulative Security Update for Internet Explorer","Microsoft Windows Server 2003 for Itanium-based Systems Service Pack 2","Windows Internet Explorer 7","Critical","Remote Code Execution",""
"20140812","CVE-2014-4056","2976627","Cumulative Security Update for Internet Explorer","Microsoft Windows Server 2003 x64 Edition Service Pack 2","Windows Internet Explorer 8","Critical","Remote Code Execution",""
"20140610","CVE-2014-1766","2957689","Cumulative Security Update for Internet Explorer","Microsoft Windows Server 2003 x64 Edition Service Pack 2","Windows Internet Explorer 7","Critical","Remote Code Execution","https://exploit-db.com/exploits/34010"
"20140610","CVE-2014-1766","2957689","Cumulative Security Update for Internet Explorer","Microsoft Windows Server 2003 for Itanium-based Systems Service Pack 2","Windows Internet Explorer 7","Critical","Remote Code Execution","https://exploit-db.com/exploits/34010"
"20140610","CVE-2014-1766","2957689","Cumulative Security Update for Internet Explorer","Microsoft Windows Server 2003 x64 Edition Service Pack 2","Windows Internet Explorer 8","Critical","Remote Code Execution","https://exploit-db.com/exploits/34010"
"20140610","CVE-2014-1766","2957689","Cumulative Security Update for Internet Explorer","Microsoft Windows Server 2003 x64 Edition Service Pack 2","Microsoft Internet Explorer 6.0","Critical","Remote Code Execution","https://exploit-db.com/exploits/34010"
"20140610","CVE-2014-1766","2957689","Cumulative Security Update for Internet Explorer","Microsoft Windows Server 2003 for Itanium-based Systems Service Pack 2","Microsoft Internet Explorer 6.0","Critical","Remote Code Execution","https://exploit-db.com/exploits/34010"
"20131008","CVE-2013-3200","2884256","Vulnerabilities in Windows Kernel-Mode Drivers Could Allow Remote Code Execution","Microsoft Windows Server 2003 for Itanium-based Systems Service Pack 2","","Critical","Remote Code Execution",""
"20131008","CVE-2013-3200","2862335","Vulnerabilities in Windows Kernel-Mode Drivers Could Allow Remote Code Execution","Microsoft Windows Server 2003 x64 Edition Service Pack 2","","Critical","Remote Code Execution",""
"20131008","CVE-2013-3200","2862335","Vulnerabilities in Windows Kernel-Mode Drivers Could Allow Remote Code Execution","Microsoft Windows Server 2003 for Itanium-based Systems Service Pack 2","","Critical","Remote Code Execution",""
"20131008","CVE-2013-3200","2862330","Vulnerabilities in Windows Kernel-Mode Drivers Could Allow Remote Code Execution","Microsoft Windows Server 2003 x64 Edition Service Pack 2","","Critical","Remote Code Execution",""
"20131008","CVE-2013-3200","2862330","Vulnerabilities in Windows Kernel-Mode Drivers Could Allow Remote Code Execution","Microsoft Windows Server 2003 for Itanium-based Systems Service Pack 2","","Critical","Remote Code Execution",""
"20131008","CVE-2013-3200","2884256","Vulnerabilities in Windows Kernel-Mode Drivers Could Allow Remote Code Execution","Microsoft Windows Server 2003 x64 Edition Service Pack 2","","Critical","Remote Code Execution",""
"20131008","CVE-2013-3200","2868038","Vulnerabilities in Windows Kernel-Mode Drivers Could Allow Remote Code Execution","Microsoft Windows Server 2003 x64 Edition Service Pack 2","","Critical","Remote Code Execution",""
"20131008","CVE-2013-3200","2868038","Vulnerabilities in Windows Kernel-Mode Drivers Could Allow Remote Code Execution","Microsoft Windows Server 2003 for Itanium-based Systems Service Pack 2","","Critical","Remote Code Execution",""
"20140610","CVE-2014-1786","2957689","Cumulative Security Update for Internet Explorer","Microsoft Windows Server 2003 x64 Edition Service Pack 2","Windows Internet Explorer 7","Critical","Remote Code Execution","https://exploit-db.com/exploits/34010"
"20140610","CVE-2014-1786","2957689","Cumulative Security Update for Internet Explorer","Microsoft Windows Server 2003 for Itanium-based Systems Service Pack 2","Windows Internet Explorer 7","Critical","Remote Code Execution","https://exploit-db.com/exploits/34010"
"20140610","CVE-2014-1786","2957689","Cumulative Security Update for Internet Explorer","Microsoft Windows Server 2003 x64 Edition Service Pack 2","Windows Internet Explorer 8","Critical","Remote Code Execution","https://exploit-db.com/exploits/34010"
"20140610","CVE-2014-1786","2957689","Cumulative Security Update for Internet Explorer","Microsoft Windows Server 2003 x64 Edition Service Pack 2","Microsoft Internet Explorer 6.0","Critical","Remote Code Execution","https://exploit-db.com/exploits/34010"
"20140610","CVE-2014-1786","2957689","Cumulative Security Update for Internet Explorer","Microsoft Windows Server 2003 for Itanium-based Systems Service Pack 2","Microsoft Internet Explorer 6.0","Critical","Remote Code Execution","https://exploit-db.com/exploits/34010"
"20090414","CVE-2009-0550","960803","Vulnerabilities in Windows HTTP Services Could Allow Remote Code Execution","Microsoft Windows Server 2003 x64 Edition","","Critical","Remote Code Execution",""
"20090414","CVE-2009-0550","960803","Vulnerabilities in Windows HTTP Services Could Allow Remote Code Execution","Microsoft Windows Server 2003 x64 Edition Service Pack 2","","Critical","Remote Code Execution",""
"20090414","CVE-2009-0550","960803","Vulnerabilities in Windows HTTP Services Could Allow Remote Code Execution","Microsoft Windows Server 2003 for Itanium-based Systems Service Pack 1","","Critical","Remote Code Execution",""
"20090414","CVE-2009-0550","960803","Vulnerabilities in Windows HTTP Services Could Allow Remote Code Execution","Microsoft Windows Server 2003 for Itanium-based Systems Service Pack 2","","Critical","Remote Code Execution",""
"20140708","CVE-2014-1767","2961072","Vulnerability in Ancillary Function Driver (AFD) Could Allow Elevation of Privilege","Microsoft Windows Server 2003 x64 Edition Service Pack 2","","Important","Elevation of Privilege","https://exploit-db.com/exploits/39446, https://exploit-db.com/exploits/39525"
"20140708","CVE-2014-1767","2961072","Vulnerability in Ancillary Function Driver (AFD) Could Allow Elevation of Privilege","Microsoft Windows Server 2003 for Itanium-based Systems Service Pack 2","","Important","Elevation of Privilege","https://exploit-db.com/exploits/39446, https://exploit-db.com/exploits/39525"
"20141014","CVE-2014-4073","2979575","Vulnerabilities in .NET Framework Could Allow Remote Code Execution","Microsoft Windows Server 2003 x64 Edition Service Pack 2","Microsoft .NET Framework 4","Critical","Remote Code Execution",""
"20141014","CVE-2014-4073","2979575","Vulnerabilities in .NET Framework Could Allow Remote Code Execution","Microsoft Windows Server 2003 for Itanium-based Systems Service Pack 2","Microsoft .NET Framework 4","Critical","Remote Code Execution",""
"20141014","CVE-2014-4073","2979574","Vulnerabilities in .NET Framework Could Allow Remote Code Execution","Microsoft Windows Server 2003 x64 Edition Service Pack 2","Microsoft .NET Framework 2.0 Service Pack 2","Critical","Remote Code Execution",""
"20141014","CVE-2014-4073","2979574","Vulnerabilities in .NET Framework Could Allow Remote Code Execution","Microsoft Windows Server 2003 for Itanium-based Systems Service Pack 2","Microsoft .NET Framework 2.0 Service Pack 2","Critical","Remote Code Execution",""
"20141014","CVE-2014-4073","2972105","Vulnerabilities in .NET Framework Could Allow Remote Code Execution","Microsoft Windows Server 2003 x64 Edition Service Pack 2","Microsoft .NET Framework 2.0 Service Pack 2","Critical","Remote Code Execution",""
"20141014","CVE-2014-4073","2972105","Vulnerabilities in .NET Framework Could Allow Remote Code Execution","Microsoft Windows Server 2003 for Itanium-based Systems Service Pack 2","Microsoft .NET Framework 2.0 Service Pack 2","Critical","Remote Code Execution",""
"20141014","CVE-2014-4073","2972106","Vulnerabilities in .NET Framework Could Allow Remote Code Execution","Microsoft Windows Server 2003 x64 Edition Service Pack 2","Microsoft .NET Framework 4","Critical","Remote Code Execution",""
"20141014","CVE-2014-4073","2972106","Vulnerabilities in .NET Framework Could Allow Remote Code Execution","Microsoft Windows Server 2003 for Itanium-based Systems Service Pack 2","Microsoft .NET Framework 4","Critical","Remote Code Execution",""
"20150210","CVE-2015-0059","3023562","Vulnerabilities in Windows Kernel-Mode Driver Could Allow Remote Code Execution","Microsoft Windows Server 2003 x64 Edition Service Pack 2","","Critical","Remote Code Execution","https://exploit-db.com/exploits/37098"
"20150210","CVE-2015-0059","3023562","Vulnerabilities in Windows Kernel-Mode Driver Could Allow Remote Code Execution","Microsoft Windows Server 2003 for Itanium-based Systems Service Pack 2","","Critical","Remote Code Execution","https://exploit-db.com/exploits/37098"
"20140812","CVE-2014-4057","2976627","Cumulative Security Update for Internet Explorer","Microsoft Windows Server 2003 x64 Edition Service Pack 2","Microsoft Internet Explorer 6.0","Critical","Remote Code Execution",""
"20140812","CVE-2014-4057","2976627","Cumulative Security Update for Internet Explorer","Microsoft Windows Server 2003 for Itanium-based Systems Service Pack 2","Microsoft Internet Explorer 6.0","Critical","Remote Code Execution",""
"20140812","CVE-2014-4057","2976627","Cumulative Security Update for Internet Explorer","Microsoft Windows Server 2003 x64 Edition Service Pack 2","Windows Internet Explorer 7","Critical","Remote Code Execution",""
"20140812","CVE-2014-4057","2976627","Cumulative Security Update for Internet Explorer","Microsoft Windows Server 2003 for Itanium-based Systems Service Pack 2","Windows Internet Explorer 7","Critical","Remote Code Execution",""
"20140812","CVE-2014-4057","2976627","Cumulative Security Update for Internet Explorer","Microsoft Windows Server 2003 x64 Edition Service Pack 2","Windows Internet Explorer 8","Critical","Remote Code Execution",""
"20140812","CVE-2014-1819","2993651","Vulnerabilities in Kernel-Mode Drivers Could Allow Elevation of Privilege","Microsoft Windows Server 2003 x64 Edition Service Pack 2","","Important","Elevation of Privilege",""
"20140812","CVE-2014-1819","2993651","Vulnerabilities in Kernel-Mode Drivers Could Allow Elevation of Privilege","Microsoft Windows Server 2003 for Itanium-based Systems Service Pack 2","","Important","Elevation of Privilege",""
"20110412","CVE-2011-0657","2509553","Vulnerability in DNS Resolution Could Allow Remote Code Execution","Microsoft Windows Server 2003 x64 Edition Service Pack 2","","Critical","Remote Code Execution",""
"20110412","CVE-2011-0657","2509553","Vulnerability in DNS Resolution Could Allow Remote Code Execution","Microsoft Windows Server 2003 for Itanium-based Systems Service Pack 2","","Critical","Remote Code Execution",""
"20150210","CVE-2015-0060","3023562","Vulnerabilities in Windows Kernel-Mode Driver Could Allow Remote Code Execution","Microsoft Windows Server 2003 x64 Edition Service Pack 2","","Critical","Remote Code Execution","https://exploit-db.com/exploits/37098"
"20150210","CVE-2015-0060","3023562","Vulnerabilities in Windows Kernel-Mode Driver Could Allow Remote Code Execution","Microsoft Windows Server 2003 for Itanium-based Systems Service Pack 2","","Critical","Remote Code Execution","https://exploit-db.com/exploits/37098"
"20140812","CVE-2014-4050","2976627","Cumulative Security Update for Internet Explorer","Microsoft Windows Server 2003 x64 Edition Service Pack 2","Microsoft Internet Explorer 6.0","Critical","Remote Code Execution",""
"20140812","CVE-2014-4050","2976627","Cumulative Security Update for Internet Explorer","Microsoft Windows Server 2003 for Itanium-based Systems Service Pack 2","Microsoft Internet Explorer 6.0","Critical","Remote Code Execution",""
"20140812","CVE-2014-4050","2976627","Cumulative Security Update for Internet Explorer","Microsoft Windows Server 2003 x64 Edition Service Pack 2","Windows Internet Explorer 7","Critical","Remote Code Execution",""
"20140812","CVE-2014-4050","2976627","Cumulative Security Update for Internet Explorer","Microsoft Windows Server 2003 for Itanium-based Systems Service Pack 2","Windows Internet Explorer 7","Critical","Remote Code Execution",""
"20140812","CVE-2014-4050","2976627","Cumulative Security Update for Internet Explorer","Microsoft Windows Server 2003 x64 Edition Service Pack 2","Windows Internet Explorer 8","Critical","Remote Code Execution",""
"20131210","CVE-2013-3878","2898715","Vulnerability in LPC Client or LPC Server Could Allow Elevation of Privilege","Microsoft Windows Server 2003 x64 Edition Service Pack 2","","Important","Elevation of Privilege",""
"20131210","CVE-2013-3878","2898715","Vulnerability in LPC Client or LPC Server Could Allow Elevation of Privilege","Microsoft Windows Server 2003 for Itanium-based Systems Service Pack 2","","Important","Elevation of Privilege",""
"20110614","CVE-2011-1894","2544893","Vulnerability in MHTML Could Allow Information Disclosure","Microsoft Windows Server 2003 x64 Edition Service Pack 2","","Important","Information Disclosure",""
"20110614","CVE-2011-1894","2544893","Vulnerability in MHTML Could Allow Information Disclosure","Microsoft Windows Server 2003 for Itanium-based Systems Service Pack 2","","Important","Information Disclosure",""
"20150714","CVE-2015-2371","3072630","Vulnerability in Windows Installer Service Could Allow Elevation of Privilege","Microsoft Windows Server 2003 x64 Edition Service Pack 2","","Important","Elevation of Privilege",""
"20150714","CVE-2015-2371","3072630","Vulnerability in Windows Installer Service Could Allow Elevation of Privilege","Microsoft Windows Server 2003 for Itanium-based Systems Service Pack 2","","Important","Elevation of Privilege",""
"20130514","CVE-2013-1347","2847204","Security Update for Internet Explorer","Microsoft Windows Server 2003 x64 Edition Service Pack 2","Windows Internet Explorer 8","Critical","Remote Code Execution","http://www.exploit-db.com/exploits/25294"
"20110208","CVE-2011-0040","2478953","Vulnerability in Active Directory Could Allow Denial of Service","Microsoft Windows Server 2003 x64 Edition Service Pack 2","","Important","Denial of Service",""
"20110208","CVE-2011-0040","2478953","Vulnerability in Active Directory Could Allow Denial of Service","Microsoft Windows Server 2003 for Itanium-based Systems Service Pack 2","","Important","Denial of Service",""
"20100810","CVE-2010-2561","2079403","Vulnerability in Microsoft XML Core Services Could Allow Remote Code Execution","Microsoft Windows Server 2003 x64 Edition Service Pack 2","Microsoft XML Core Services 3.0","Critical","Remote Code Execution","https://exploit-db.com/exploits/14609"
"20100810","CVE-2010-2561","2079403","Vulnerability in Microsoft XML Core Services Could Allow Remote Code Execution","Microsoft Windows Server 2003 for Itanium-based Systems Service Pack 2","Microsoft XML Core Services 3.0","Critical","Remote Code Execution","https://exploit-db.com/exploits/14609"
"20140610","CVE-2014-2755","2957689","Cumulative Security Update for Internet Explorer","Microsoft Windows Server 2003 x64 Edition Service Pack 2","Windows Internet Explorer 7","Critical","Remote Code Execution","https://exploit-db.com/exploits/34010"
"20140610","CVE-2014-2755","2957689","Cumulative Security Update for Internet Explorer","Microsoft Windows Server 2003 for Itanium-based Systems Service Pack 2","Windows Internet Explorer 7","Critical","Remote Code Execution","https://exploit-db.com/exploits/34010"
"20140610","CVE-2014-2755","2957689","Cumulative Security Update for Internet Explorer","Microsoft Windows Server 2003 x64 Edition Service Pack 2","Windows Internet Explorer 8","Critical","Remote Code Execution","https://exploit-db.com/exploits/34010"
"20140610","CVE-2014-2755","2957689","Cumulative Security Update for Internet Explorer","Microsoft Windows Server 2003 x64 Edition Service Pack 2","Microsoft Internet Explorer 6.0","Critical","Remote Code Execution","https://exploit-db.com/exploits/34010"
"20140610","CVE-2014-2755","2957689","Cumulative Security Update for Internet Explorer","Microsoft Windows Server 2003 for Itanium-based Systems Service Pack 2","Microsoft Internet Explorer 6.0","Critical","Remote Code Execution","https://exploit-db.com/exploits/34010"
"20090414","CVE-2009-0084","961373","Vulnerability in Microsoft DirectShow Could Allow Remote Code Execution","Microsoft Windows Server 2003 x64 Edition Service Pack 2","Microsoft DirectX 9.0","Critical","Remote Code Execution",""
"20090414","CVE-2009-0084","961373","Vulnerability in Microsoft DirectShow Could Allow Remote Code Execution","Microsoft Windows Server 2003 for Itanium-based Systems Service Pack 1","Microsoft DirectX 9.0","Critical","Remote Code Execution",""
"20090414","CVE-2009-0084","961373","Vulnerability in Microsoft DirectShow Could Allow Remote Code Execution","Microsoft Windows Server 2003 for Itanium-based Systems Service Pack 2","Microsoft DirectX 9.0","Critical","Remote Code Execution",""
"20120508","CVE-2012-0162","2676562","Combined Security Update for Microsoft Office, Windows, .NET Framework, and Silverlight","Microsoft Windows Server 2003 for Itanium-based Systems Service Pack 2","","Critical","Remote Code Execution",""
"20120508","CVE-2012-0162","2676562","Combined Security Update for Microsoft Office, Windows, .NET Framework, and Silverlight","Microsoft Windows Server 2003 x64 Edition Service Pack 2","","Critical","Remote Code Execution",""
"20120508","CVE-2012-0162","2659262","Combined Security Update for Microsoft Office, Windows, .NET Framework, and Silverlight","Microsoft Windows Server 2003 for Itanium-based Systems Service Pack 2","","Critical","Remote Code Execution",""
"20120508","CVE-2012-0162","2659262","Combined Security Update for Microsoft Office, Windows, .NET Framework, and Silverlight","Microsoft Windows Server 2003 x64 Edition Service Pack 2","","Critical","Remote Code Execution",""
"20120508","CVE-2012-0162","2686509","Combined Security Update for Microsoft Office, Windows, .NET Framework, and Silverlight","Microsoft Windows Server 2003 for Itanium-based Systems Service Pack 2","","Critical","Remote Code Execution",""
"20120508","CVE-2012-0162","2686509","Combined Security Update for Microsoft Office, Windows, .NET Framework, and Silverlight","Microsoft Windows Server 2003 x64 Edition Service Pack 2","","Critical","Remote Code Execution",""
"20150714","CVE-2015-2406","3065822","Security Update for Internet Explorer","Microsoft Windows Server 2003 x64 Edition Service Pack 2","Microsoft Internet Explorer 6.0","Critical","Remote Code Execution",""
"20150714","CVE-2015-2406","3065822","Security Update for Internet Explorer","Microsoft Windows Server 2003 for Itanium-based Systems Service Pack 2","Microsoft Internet Explorer 6.0","Critical","Remote Code Execution",""
"20150714","CVE-2015-2406","3065822","Security Update for Internet Explorer","Microsoft Windows Server 2003 x64 Edition Service Pack 2","Windows Internet Explorer 7","Critical","Remote Code Execution",""
"20150714","CVE-2015-2406","3065822","Security Update for Internet Explorer","Microsoft Windows Server 2003 for Itanium-based Systems Service Pack 2","Windows Internet Explorer 7","Critical","Remote Code Execution",""
"20150714","CVE-2015-2406","3065822","Security Update for Internet Explorer","Microsoft Windows Server 2003 x64 Edition Service Pack 2","Windows Internet Explorer 8","Critical","Remote Code Execution",""
"20090811","CVE-2009-1929","958469","Vulnerabilities in Remote Desktop Connection Could Allow Remote Code Execution","Microsoft Windows Server 2003 x64 Edition Service Pack 2","Remote Desktop Connection 5.2 Client","Critical","Remote Code Execution",""
"20090811","CVE-2009-1929","958469","Vulnerabilities in Remote Desktop Connection Could Allow Remote Code Execution","Microsoft Windows Server 2003 for Itanium-based Systems Service Pack 2","Remote Desktop Connection 5.2 Client","Critical","Remote Code Execution",""
"20090811","CVE-2009-1929","956744","Vulnerabilities in Remote Desktop Connection Could Allow Remote Code Execution","Microsoft Windows Server 2003 x64 Edition Service Pack 2","Remote Desktop Connection 6.0 Client","Critical","Remote Code Execution",""
"20150113","CVE-2015-0015","3014029","Vulnerability in Network Policy Server RADIUS Implementation Could Cause Denial of Service","Microsoft Windows Server 2003 x64 Edition Service Pack 2","","Important","Denial of Service",""
"20150113","CVE-2015-0015","3014029","Vulnerability in Network Policy Server RADIUS Implementation Could Cause Denial of Service","Microsoft Windows Server 2003 for Itanium-based Systems Service Pack 2","","Important","Denial of Service",""
"20110614","CVE-2011-1869","2535512","Vulnerabilities in Distributed File System Could Allow Remote Code Execution","Microsoft Windows Server 2003 x64 Edition Service Pack 2","","Critical","Remote Code Execution",""
"20110614","CVE-2011-1869","2535512","Vulnerabilities in Distributed File System Could Allow Remote Code Execution","Microsoft Windows Server 2003 for Itanium-based Systems Service Pack 2","","Critical","Remote Code Execution",""
"20150210","CVE-2015-0009","3004361","Vulnerability in Group Policy Could Allow Security Feature Bypass","Microsoft Windows Server 2003 x64 Edition Service Pack 2","","Important","Security Feature Bypass","https://exploit-db.com/exploits/47559"
"20150210","CVE-2015-0009","3004361","Vulnerability in Group Policy Could Allow Security Feature Bypass","Microsoft Windows Server 2003 for Itanium-based Systems Service Pack 2","","Important","Security Feature Bypass","https://exploit-db.com/exploits/47559"
"20091208","CVE-2009-2508","971726","Vulnerabilities in Active Directory Federation Services Could Allow Remote Code Execution","Microsoft Windows Server 2003 x64 Edition Service Pack 2","","Important","Remote Code Execution",""
"20120508","CVE-2012-0161","2604111","Vulnerabilities in .NET Framework Could Allow Remote Code Execution","Microsoft Windows Server 2003 x64 Edition Service Pack 2","Microsoft .NET Framework 3.5 Service Pack 1","Critical","Remote Code Execution",""
"20120508","CVE-2012-0161","2604111","Vulnerabilities in .NET Framework Could Allow Remote Code Execution","Microsoft Windows Server 2003 for Itanium-based Systems Service Pack 2","Microsoft .NET Framework 3.5 Service Pack 1","Critical","Remote Code Execution",""
"20120508","CVE-2012-0161","2604044","Vulnerabilities in .NET Framework Could Allow Remote Code Execution","Microsoft Windows Server 2003 x64 Edition Service Pack 2","Microsoft .NET Framework 1.1 Service Pack 1","Critical","Remote Code Execution",""
"20120508","CVE-2012-0161","2604044","Vulnerabilities in .NET Framework Could Allow Remote Code Execution","Microsoft Windows Server 2003 for Itanium-based Systems Service Pack 2","Microsoft .NET Framework 1.1 Service Pack 1","Critical","Remote Code Execution",""
"20120508","CVE-2012-0161","2604092","Vulnerabilities in .NET Framework Could Allow Remote Code Execution","Microsoft Windows Server 2003 x64 Edition Service Pack 2","Microsoft .NET Framework 2.0 Service Pack 2","Critical","Remote Code Execution",""
"20120508","CVE-2012-0161","2604092","Vulnerabilities in .NET Framework Could Allow Remote Code Execution","Microsoft Windows Server 2003 for Itanium-based Systems Service Pack 2","Microsoft .NET Framework 2.0 Service Pack 2","Critical","Remote Code Execution",""
"20120508","CVE-2012-0161","2604121","Vulnerabilities in .NET Framework Could Allow Remote Code Execution","Microsoft Windows Server 2003 x64 Edition Service Pack 2","Microsoft .NET Framework 4","Critical","Remote Code Execution",""
"20120508","CVE-2012-0161","2604121","Vulnerabilities in .NET Framework Could Allow Remote Code Execution","Microsoft Windows Server 2003 for Itanium-based Systems Service Pack 2","Microsoft .NET Framework 4","Critical","Remote Code Execution",""
"20140812","CVE-2014-4064","2993651","Vulnerabilities in Kernel-Mode Drivers Could Allow Elevation of Privilege","Microsoft Windows Server 2003 x64 Edition Service Pack 2","","Important","Elevation of Privilege",""
"20140812","CVE-2014-4064","2993651","Vulnerabilities in Kernel-Mode Drivers Could Allow Elevation of Privilege","Microsoft Windows Server 2003 for Itanium-based Systems Service Pack 2","","Important","Elevation of Privilege",""
"20110712","CVE-2011-1283","2507938","Vulnerabilities in Windows Client/Server Run-time Subsystem Could Allow Elevation of Privilege","Microsoft Windows Server 2003 x64 Edition Service Pack 2","","Important","Elevation of Privilege",""
"20110712","CVE-2011-1283","2507938","Vulnerabilities in Windows Client/Server Run-time Subsystem Could Allow Elevation of Privilege","Microsoft Windows Server 2003 for Itanium-based Systems Service Pack 2","","Important","Elevation of Privilege",""
"20130409","CVE-2013-1296","2813345","Vulnerability in Remote Desktop Client Could Allow Remote Code Execution","Microsoft Windows Server 2003 x64 Edition Service Pack 2","Remote Desktop Connection 6.1 Client","Critical","Remote Code Execution",""
"20120508","CVE-2012-0167","2676562","Combined Security Update for Microsoft Office, Windows, .NET Framework, and Silverlight","Microsoft Windows Server 2003 for Itanium-based Systems Service Pack 2","","Critical","Remote Code Execution",""
"20120508","CVE-2012-0167","2676562","Combined Security Update for Microsoft Office, Windows, .NET Framework, and Silverlight","Microsoft Windows Server 2003 x64 Edition Service Pack 2","","Critical","Remote Code Execution",""
"20120508","CVE-2012-0167","2659262","Combined Security Update for Microsoft Office, Windows, .NET Framework, and Silverlight","Microsoft Windows Server 2003 for Itanium-based Systems Service Pack 2","","Critical","Remote Code Execution",""
"20120508","CVE-2012-0167","2659262","Combined Security Update for Microsoft Office, Windows, .NET Framework, and Silverlight","Microsoft Windows Server 2003 x64 Edition Service Pack 2","","Critical","Remote Code Execution",""
"20120508","CVE-2012-0167","2686509","Combined Security Update for Microsoft Office, Windows, .NET Framework, and Silverlight","Microsoft Windows Server 2003 for Itanium-based Systems Service Pack 2","","Critical","Remote Code Execution",""
"20120508","CVE-2012-0167","2686509","Combined Security Update for Microsoft Office, Windows, .NET Framework, and Silverlight","Microsoft Windows Server 2003 x64 Edition Service Pack 2","","Critical","Remote Code Execution",""
"20150714","CVE-2015-2402","3065822","Security Update for Internet Explorer","Microsoft Windows Server 2003 x64 Edition Service Pack 2","Microsoft Internet Explorer 6.0","Critical","Remote Code Execution",""
"20150714","CVE-2015-2402","3065822","Security Update for Internet Explorer","Microsoft Windows Server 2003 for Itanium-based Systems Service Pack 2","Microsoft Internet Explorer 6.0","Critical","Remote Code Execution",""
"20150714","CVE-2015-2402","3065822","Security Update for Internet Explorer","Microsoft Windows Server 2003 x64 Edition Service Pack 2","Windows Internet Explorer 7","Critical","Remote Code Execution",""
"20150714","CVE-2015-2402","3065822","Security Update for Internet Explorer","Microsoft Windows Server 2003 for Itanium-based Systems Service Pack 2","Windows Internet Explorer 7","Critical","Remote Code Execution",""
"20150714","CVE-2015-2402","3065822","Security Update for Internet Explorer","Microsoft Windows Server 2003 x64 Edition Service Pack 2","Windows Internet Explorer 8","Critical","Remote Code Execution",""
"20100914","CVE-2010-0818","975558","Vulnerability in MPEG-4 Codec Could Allow Remote Code Execution","Microsoft Windows Server 2003 x64 Edition Service Pack 2","","Critical","Remote Code Execution",""
"20141014","CVE-2014-4115","2998579","Vulnerability in FAT32 Disk Partition Driver Could Allow Elevation of Privilege","Microsoft Windows Server 2003 x64 Edition Service Pack 2","","Important","Elevation of Privilege",""
"20141014","CVE-2014-4115","2998579","Vulnerability in FAT32 Disk Partition Driver Could Allow Elevation of Privilege","Microsoft Windows Server 2003 for Itanium-based Systems Service Pack 2","","Important","Elevation of Privilege",""
"20140812","CVE-2014-2824","2976627","Cumulative Security Update for Internet Explorer","Microsoft Windows Server 2003 x64 Edition Service Pack 2","Microsoft Internet Explorer 6.0","Critical","Remote Code Execution",""
"20140812","CVE-2014-2824","2976627","Cumulative Security Update for Internet Explorer","Microsoft Windows Server 2003 for Itanium-based Systems Service Pack 2","Microsoft Internet Explorer 6.0","Critical","Remote Code Execution",""
"20140812","CVE-2014-2824","2976627","Cumulative Security Update for Internet Explorer","Microsoft Windows Server 2003 x64 Edition Service Pack 2","Windows Internet Explorer 7","Critical","Remote Code Execution",""
"20140812","CVE-2014-2824","2976627","Cumulative Security Update for Internet Explorer","Microsoft Windows Server 2003 for Itanium-based Systems Service Pack 2","Windows Internet Explorer 7","Critical","Remote Code Execution",""
"20140812","CVE-2014-2824","2976627","Cumulative Security Update for Internet Explorer","Microsoft Windows Server 2003 x64 Edition Service Pack 2","Windows Internet Explorer 8","Critical","Remote Code Execution",""
"20140610","CVE-2014-2757","2957689","Cumulative Security Update for Internet Explorer","Microsoft Windows Server 2003 x64 Edition Service Pack 2","Windows Internet Explorer 7","Critical","Remote Code Execution","https://exploit-db.com/exploits/34010"
"20140610","CVE-2014-2757","2957689","Cumulative Security Update for Internet Explorer","Microsoft Windows Server 2003 for Itanium-based Systems Service Pack 2","Windows Internet Explorer 7","Critical","Remote Code Execution","https://exploit-db.com/exploits/34010"
"20140610","CVE-2014-2757","2957689","Cumulative Security Update for Internet Explorer","Microsoft Windows Server 2003 x64 Edition Service Pack 2","Windows Internet Explorer 8","Critical","Remote Code Execution","https://exploit-db.com/exploits/34010"
"20140610","CVE-2014-2757","2957689","Cumulative Security Update for Internet Explorer","Microsoft Windows Server 2003 x64 Edition Service Pack 2","Microsoft Internet Explorer 6.0","Critical","Remote Code Execution","https://exploit-db.com/exploits/34010"
"20140610","CVE-2014-2757","2957689","Cumulative Security Update for Internet Explorer","Microsoft Windows Server 2003 for Itanium-based Systems Service Pack 2","Microsoft Internet Explorer 6.0","Critical","Remote Code Execution","https://exploit-db.com/exploits/34010"
"20150512","CVE-2015-1701","3045171","Vulnerabilities in Windows Kernel-Mode Drivers Could Allow Elevation of Privilege","Microsoft Windows Server 2003 x64 Edition Service Pack 2","","Important","Elevation of Privilege","https://www.exploit-db.com/exploits/37049/, https://www.exploit-db.com/exploits/37367/"
"20150512","CVE-2015-1701","3045171","Vulnerabilities in Windows Kernel-Mode Drivers Could Allow Elevation of Privilege","Microsoft Windows Server 2003 for Itanium-based Systems Service Pack 2","","Important","Elevation of Privilege","https://www.exploit-db.com/exploits/37049/, https://www.exploit-db.com/exploits/37367/"
"20120814","CVE-2012-1851","2705219","Vulnerabilities in Windows Networking Components Could Allow Remote Code Execution","Microsoft Windows Server 2003 for Itanium-based Systems Service Pack 2","","Critical","Remote Code Execution",""
"20120814","CVE-2012-1851","2705219","Vulnerabilities in Windows Networking Components Could Allow Remote Code Execution","Microsoft Windows Server 2003 x64 Edition Service Pack 2","","Critical","Remote Code Execution",""
"20120814","CVE-2012-1851","2712808","Vulnerabilities in Windows Networking Components Could Allow Remote Code Execution","Microsoft Windows Server 2003 for Itanium-based Systems Service Pack 2","","Critical","Remote Code Execution",""
"20120814","CVE-2012-1851","2712808","Vulnerabilities in Windows Networking Components Could Allow Remote Code Execution","Microsoft Windows Server 2003 x64 Edition Service Pack 2","","Critical","Remote Code Execution",""
"20090414","CVE-2009-0235","923561","Vulnerabilities in WordPad and Office Text Converters Could Allow Remote Code Execution","Microsoft Windows Server 2003 x64 Edition","","Critical","Remote Code Execution",""
"20090414","CVE-2009-0235","923561","Vulnerabilities in WordPad and Office Text Converters Could Allow Remote Code Execution","Microsoft Windows Server 2003 x64 Edition Service Pack 2","","Critical","Remote Code Execution",""
"20090414","CVE-2009-0235","923561","Vulnerabilities in WordPad and Office Text Converters Could Allow Remote Code Execution","Microsoft Windows Server 2003 for Itanium-based Systems Service Pack 1","","Critical","Remote Code Execution",""
"20090414","CVE-2009-0235","923561","Vulnerabilities in WordPad and Office Text Converters Could Allow Remote Code Execution","Microsoft Windows Server 2003 for Itanium-based Systems Service Pack 2","","Critical","Remote Code Execution",""
"20121113","CVE-2012-4776","2737019","Vulnerabilities in .NET Framework Could Allow Remote Code Execution","Microsoft Windows Server 2003 x64 Edition Service Pack 2","Microsoft .NET Framework 4","Critical","Remote Code Execution",""
"20121113","CVE-2012-4776","2737019","Vulnerabilities in .NET Framework Could Allow Remote Code Execution","Microsoft Windows Server 2003 for Itanium-based Systems Service Pack 2","Microsoft .NET Framework 4","Critical","Remote Code Execution",""
"20121113","CVE-2012-4776","2729450","Vulnerabilities in .NET Framework Could Allow Remote Code Execution","Microsoft Windows Server 2003 x64 Edition Service Pack 2","Microsoft .NET Framework 2.0 Service Pack 2","Critical","Remote Code Execution",""
"20121113","CVE-2012-4776","2729450","Vulnerabilities in .NET Framework Could Allow Remote Code Execution","Microsoft Windows Server 2003 for Itanium-based Systems Service Pack 2","Microsoft .NET Framework 2.0 Service Pack 2","Critical","Remote Code Execution",""
"20121113","CVE-2012-4776","2729449","Vulnerabilities in .NET Framework Could Allow Remote Code Execution","Microsoft Windows Server 2003 x64 Edition Service Pack 2","Microsoft .NET Framework 4","Critical","Remote Code Execution",""
"20121113","CVE-2012-4776","2729449","Vulnerabilities in .NET Framework Could Allow Remote Code Execution","Microsoft Windows Server 2003 for Itanium-based Systems Service Pack 2","Microsoft .NET Framework 4","Critical","Remote Code Execution",""
"20140610","CVE-2014-1817","2957509","Vulnerabilities in Microsoft Graphics Component Could Allow Remote Code Execution","Microsoft Windows Server 2003 x64 Edition Service Pack 2","Windows GDI+","Critical","Remote Code Execution",""
"20140610","CVE-2014-1817","2957509","Vulnerabilities in Microsoft Graphics Component Could Allow Remote Code Execution","Microsoft Windows Server 2003 for Itanium-based Systems Service Pack 2","Windows GDI+","Critical","Remote Code Execution",""
"20140610","CVE-2014-1817","2957503","Vulnerabilities in Microsoft Graphics Component Could Allow Remote Code Execution","Microsoft Windows Server 2003 x64 Edition Service Pack 2","Windows GDI+","Critical","Remote Code Execution",""
"20140610","CVE-2014-1817","2957503","Vulnerabilities in Microsoft Graphics Component Could Allow Remote Code Execution","Microsoft Windows Server 2003 for Itanium-based Systems Service Pack 2","Windows GDI+","Critical","Remote Code Execution",""
"20101012","CVE-2010-1883","982132","Vulnerability in the Embedded OpenType Font Engine Could Allow Remote Code Execution","Microsoft Windows Server 2003 x64 Edition Service Pack 2","","Critical","Remote Code Execution",""
"20101012","CVE-2010-1883","982132","Vulnerability in the Embedded OpenType Font Engine Could Allow Remote Code Execution","Microsoft Windows Server 2003 for Itanium-based Systems Service Pack 2","","Critical","Remote Code Execution",""
"20120412","CVE-2012-0151","2653956","Vulnerability in Windows Could Allow Remote Code Execution","Microsoft Windows Server 2003 for Itanium-based Systems Service Pack 2","","Critical","Remote Code Execution",""
"20120412","CVE-2012-0151","2653956","Vulnerability in Windows Could Allow Remote Code Execution","Microsoft Windows Server 2003 x64 Edition Service Pack 2","","Critical","Remote Code Execution",""
"20150310","CVE-2015-0080","3035132","Vulnerability in PNG Processing Could Allow Information Disclosure","Microsoft Windows Server 2003 x64 Edition Service Pack 2","","Important","Information Disclosure",""
"20150310","CVE-2015-0080","3035132","Vulnerability in PNG Processing Could Allow Information Disclosure","Microsoft Windows Server 2003 for Itanium-based Systems Service Pack 2","","Important","Information Disclosure",""
"20140610","CVE-2014-1803","2957689","Cumulative Security Update for Internet Explorer","Microsoft Windows Server 2003 x64 Edition Service Pack 2","Windows Internet Explorer 7","Critical","Remote Code Execution","https://exploit-db.com/exploits/34010"
"20140610","CVE-2014-1803","2957689","Cumulative Security Update for Internet Explorer","Microsoft Windows Server 2003 for Itanium-based Systems Service Pack 2","Windows Internet Explorer 7","Critical","Remote Code Execution","https://exploit-db.com/exploits/34010"
"20140610","CVE-2014-1803","2957689","Cumulative Security Update for Internet Explorer","Microsoft Windows Server 2003 x64 Edition Service Pack 2","Windows Internet Explorer 8","Critical","Remote Code Execution","https://exploit-db.com/exploits/34010"
"20140610","CVE-2014-1803","2957689","Cumulative Security Update for Internet Explorer","Microsoft Windows Server 2003 x64 Edition Service Pack 2","Microsoft Internet Explorer 6.0","Critical","Remote Code Execution","https://exploit-db.com/exploits/34010"
"20140610","CVE-2014-1803","2957689","Cumulative Security Update for Internet Explorer","Microsoft Windows Server 2003 for Itanium-based Systems Service Pack 2","Microsoft Internet Explorer 6.0","Critical","Remote Code Execution","https://exploit-db.com/exploits/34010"
"20090609","CVE-2009-1535","970483","Vulnerabilities in Internet Information Services (IIS) Could Allow Elevation of Privilege","Microsoft Windows Server 2003 x64 Edition Service Pack 2","Microsoft Internet Information Services 6.0","Important","Elevation of Privilege","https://exploit-db.com/exploits/8704, https://exploit-db.com/exploits/8806"
"20090609","CVE-2009-1535","970483","Vulnerabilities in Internet Information Services (IIS) Could Allow Elevation of Privilege","Microsoft Windows Server 2003 for Itanium-based Systems Service Pack 2","Microsoft Internet Information Services 6.0","Important","Elevation of Privilege","https://exploit-db.com/exploits/8704, https://exploit-db.com/exploits/8806"
"20110614","CVE-2011-1268","2536276","Vulnerability in SMB Client Could Allow Remote Code Execution","Microsoft Windows Server 2003 x64 Edition Service Pack 2","","Critical","Remote Code Execution",""
"20110614","CVE-2011-1268","2536276","Vulnerability in SMB Client Could Allow Remote Code Execution","Microsoft Windows Server 2003 for Itanium-based Systems Service Pack 2","","Critical","Remote Code Execution",""
"20140610","CVE-2014-1783","2957689","Cumulative Security Update for Internet Explorer","Microsoft Windows Server 2003 x64 Edition Service Pack 2","Windows Internet Explorer 7","Critical","Remote Code Execution","https://exploit-db.com/exploits/34010"
"20140610","CVE-2014-1783","2957689","Cumulative Security Update for Internet Explorer","Microsoft Windows Server 2003 for Itanium-based Systems Service Pack 2","Windows Internet Explorer 7","Critical","Remote Code Execution","https://exploit-db.com/exploits/34010"
"20140610","CVE-2014-1783","2957689","Cumulative Security Update for Internet Explorer","Microsoft Windows Server 2003 x64 Edition Service Pack 2","Windows Internet Explorer 8","Critical","Remote Code Execution","https://exploit-db.com/exploits/34010"
"20140610","CVE-2014-1783","2957689","Cumulative Security Update for Internet Explorer","Microsoft Windows Server 2003 x64 Edition Service Pack 2","Microsoft Internet Explorer 6.0","Critical","Remote Code Execution","https://exploit-db.com/exploits/34010"
"20140610","CVE-2014-1783","2957689","Cumulative Security Update for Internet Explorer","Microsoft Windows Server 2003 for Itanium-based Systems Service Pack 2","Microsoft Internet Explorer 6.0","Critical","Remote Code Execution","https://exploit-db.com/exploits/34010"
"20140610","CVE-2014-1800","2957689","Cumulative Security Update for Internet Explorer","Microsoft Windows Server 2003 x64 Edition Service Pack 2","Windows Internet Explorer 7","Critical","Remote Code Execution","https://exploit-db.com/exploits/34010"
"20140610","CVE-2014-1800","2957689","Cumulative Security Update for Internet Explorer","Microsoft Windows Server 2003 for Itanium-based Systems Service Pack 2","Windows Internet Explorer 7","Critical","Remote Code Execution","https://exploit-db.com/exploits/34010"
"20140610","CVE-2014-1800","2957689","Cumulative Security Update for Internet Explorer","Microsoft Windows Server 2003 x64 Edition Service Pack 2","Windows Internet Explorer 8","Critical","Remote Code Execution","https://exploit-db.com/exploits/34010"
"20140610","CVE-2014-1800","2957689","Cumulative Security Update for Internet Explorer","Microsoft Windows Server 2003 x64 Edition Service Pack 2","Microsoft Internet Explorer 6.0","Critical","Remote Code Execution","https://exploit-db.com/exploits/34010"
"20140610","CVE-2014-1800","2957689","Cumulative Security Update for Internet Explorer","Microsoft Windows Server 2003 for Itanium-based Systems Service Pack 2","Microsoft Internet Explorer 6.0","Critical","Remote Code Execution","https://exploit-db.com/exploits/34010"
"20100914","CVE-2010-1899","2124261","Vulnerabilities in Microsoft Internet Information Services (IIS) Could Allow Remote Code Execution","Microsoft Windows Server 2003 x64 Edition Service Pack 2","Microsoft Internet Information Services 6.0","Important","Remote Code Execution","https://exploit-db.com/exploits/15167"
"20100914","CVE-2010-1899","2124261","Vulnerabilities in Microsoft Internet Information Services (IIS) Could Allow Remote Code Execution","Microsoft Windows Server 2003 for Itanium-based Systems Service Pack 2","Microsoft Internet Information Services 6.0","Important","Remote Code Execution","https://exploit-db.com/exploits/15167"
"20140812","CVE-2014-2784","2976627","Cumulative Security Update for Internet Explorer","Microsoft Windows Server 2003 x64 Edition Service Pack 2","Microsoft Internet Explorer 6.0","Critical","Remote Code Execution",""
"20140812","CVE-2014-2784","2976627","Cumulative Security Update for Internet Explorer","Microsoft Windows Server 2003 for Itanium-based Systems Service Pack 2","Microsoft Internet Explorer 6.0","Critical","Remote Code Execution",""
"20140812","CVE-2014-2784","2976627","Cumulative Security Update for Internet Explorer","Microsoft Windows Server 2003 x64 Edition Service Pack 2","Windows Internet Explorer 7","Critical","Remote Code Execution",""
"20140812","CVE-2014-2784","2976627","Cumulative Security Update for Internet Explorer","Microsoft Windows Server 2003 for Itanium-based Systems Service Pack 2","Windows Internet Explorer 7","Critical","Remote Code Execution",""
"20140812","CVE-2014-2784","2976627","Cumulative Security Update for Internet Explorer","Microsoft Windows Server 2003 x64 Edition Service Pack 2","Windows Internet Explorer 8","Critical","Remote Code Execution",""
"20110412","CVE-2010-3974","2491683","Vulnerabilities in Windows Fax Cover Page Editor Could Allow Remote Code Execution","Microsoft Windows Server 2003 x64 Edition Service Pack 2","","Important","Remote Code Execution",""
"20110412","CVE-2010-3974","2491683","Vulnerabilities in Windows Fax Cover Page Editor Could Allow Remote Code Execution","Microsoft Windows Server 2003 for Itanium-based Systems Service Pack 2","","Important","Remote Code Execution",""
"20110412","CVE-2010-3974","2506212","Vulnerabilities in Windows Fax Cover Page Editor Could Allow Remote Code Execution","Microsoft Windows Server 2003 x64 Edition Service Pack 2","","Important","Remote Code Execution",""
"20110412","CVE-2010-3974","2506212","Vulnerabilities in Windows Fax Cover Page Editor Could Allow Remote Code Execution","Microsoft Windows Server 2003 for Itanium-based Systems Service Pack 2","","Important","Remote Code Execution",""
"20140610","CVE-2014-1794","2957689","Cumulative Security Update for Internet Explorer","Microsoft Windows Server 2003 x64 Edition Service Pack 2","Windows Internet Explorer 7","Critical","Remote Code Execution","https://exploit-db.com/exploits/34010"
"20140610","CVE-2014-1794","2957689","Cumulative Security Update for Internet Explorer","Microsoft Windows Server 2003 for Itanium-based Systems Service Pack 2","Windows Internet Explorer 7","Critical","Remote Code Execution","https://exploit-db.com/exploits/34010"
"20140610","CVE-2014-1794","2957689","Cumulative Security Update for Internet Explorer","Microsoft Windows Server 2003 x64 Edition Service Pack 2","Windows Internet Explorer 8","Critical","Remote Code Execution","https://exploit-db.com/exploits/34010"
"20140610","CVE-2014-1794","2957689","Cumulative Security Update for Internet Explorer","Microsoft Windows Server 2003 x64 Edition Service Pack 2","Microsoft Internet Explorer 6.0","Critical","Remote Code Execution","https://exploit-db.com/exploits/34010"
"20140610","CVE-2014-1794","2957689","Cumulative Security Update for Internet Explorer","Microsoft Windows Server 2003 for Itanium-based Systems Service Pack 2","Microsoft Internet Explorer 6.0","Critical","Remote Code Execution","https://exploit-db.com/exploits/34010"
"20170314","CVE-2017-0143","4012598","Windows SMB Remote Code Execution Vulnerability","Microsoft Windows Server 2003 x64 Edition Service Pack 2","","Critical","Remote Code Execution","https://www.exploit-db.com/exploits/41891/, https://www.exploit-db.com/exploits/41987/, https://www.exploit-db.com/exploits/43970/"
"20150714","CVE-2015-2389","3065822","Security Update for Internet Explorer","Microsoft Windows Server 2003 x64 Edition Service Pack 2","Microsoft Internet Explorer 6.0","Critical","Remote Code Execution",""
"20150714","CVE-2015-2389","3065822","Security Update for Internet Explorer","Microsoft Windows Server 2003 for Itanium-based Systems Service Pack 2","Microsoft Internet Explorer 6.0","Critical","Remote Code Execution",""
"20150714","CVE-2015-2389","3065822","Security Update for Internet Explorer","Microsoft Windows Server 2003 x64 Edition Service Pack 2","Windows Internet Explorer 7","Critical","Remote Code Execution",""
"20150714","CVE-2015-2389","3065822","Security Update for Internet Explorer","Microsoft Windows Server 2003 for Itanium-based Systems Service Pack 2","Windows Internet Explorer 7","Critical","Remote Code Execution",""
"20150714","CVE-2015-2389","3065822","Security Update for Internet Explorer","Microsoft Windows Server 2003 x64 Edition Service Pack 2","Windows Internet Explorer 8","Critical","Remote Code Execution",""
"20140812","CVE-2014-2810","2976627","Cumulative Security Update for Internet Explorer","Microsoft Windows Server 2003 x64 Edition Service Pack 2","Microsoft Internet Explorer 6.0","Critical","Remote Code Execution",""
"20140812","CVE-2014-2810","2976627","Cumulative Security Update for Internet Explorer","Microsoft Windows Server 2003 for Itanium-based Systems Service Pack 2","Microsoft Internet Explorer 6.0","Critical","Remote Code Execution",""
"20140812","CVE-2014-2810","2976627","Cumulative Security Update for Internet Explorer","Microsoft Windows Server 2003 x64 Edition Service Pack 2","Windows Internet Explorer 7","Critical","Remote Code Execution",""
"20140812","CVE-2014-2810","2976627","Cumulative Security Update for Internet Explorer","Microsoft Windows Server 2003 for Itanium-based Systems Service Pack 2","Windows Internet Explorer 7","Critical","Remote Code Execution",""
"20140812","CVE-2014-2810","2976627","Cumulative Security Update for Internet Explorer","Microsoft Windows Server 2003 x64 Edition Service Pack 2","Windows Internet Explorer 8","Critical","Remote Code Execution",""
"20140610","CVE-2014-1775","2957689","Cumulative Security Update for Internet Explorer","Microsoft Windows Server 2003 x64 Edition Service Pack 2","Windows Internet Explorer 7","Critical","Remote Code Execution","https://exploit-db.com/exploits/34010"
"20140610","CVE-2014-1775","2957689","Cumulative Security Update for Internet Explorer","Microsoft Windows Server 2003 for Itanium-based Systems Service Pack 2","Windows Internet Explorer 7","Critical","Remote Code Execution","https://exploit-db.com/exploits/34010"
"20140610","CVE-2014-1775","2957689","Cumulative Security Update for Internet Explorer","Microsoft Windows Server 2003 x64 Edition Service Pack 2","Windows Internet Explorer 8","Critical","Remote Code Execution","https://exploit-db.com/exploits/34010"
"20140610","CVE-2014-1775","2957689","Cumulative Security Update for Internet Explorer","Microsoft Windows Server 2003 x64 Edition Service Pack 2","Microsoft Internet Explorer 6.0","Critical","Remote Code Execution","https://exploit-db.com/exploits/34010"
"20140610","CVE-2014-1775","2957689","Cumulative Security Update for Internet Explorer","Microsoft Windows Server 2003 for Itanium-based Systems Service Pack 2","Microsoft Internet Explorer 6.0","Critical","Remote Code Execution","https://exploit-db.com/exploits/34010"
"20140812","CVE-2014-2811","2976627","Cumulative Security Update for Internet Explorer","Microsoft Windows Server 2003 x64 Edition Service Pack 2","Microsoft Internet Explorer 6.0","Critical","Remote Code Execution",""
"20140812","CVE-2014-2811","2976627","Cumulative Security Update for Internet Explorer","Microsoft Windows Server 2003 for Itanium-based Systems Service Pack 2","Microsoft Internet Explorer 6.0","Critical","Remote Code Execution",""
"20140812","CVE-2014-2811","2976627","Cumulative Security Update for Internet Explorer","Microsoft Windows Server 2003 x64 Edition Service Pack 2","Windows Internet Explorer 7","Critical","Remote Code Execution",""
"20140812","CVE-2014-2811","2976627","Cumulative Security Update for Internet Explorer","Microsoft Windows Server 2003 for Itanium-based Systems Service Pack 2","Windows Internet Explorer 7","Critical","Remote Code Execution",""
"20140812","CVE-2014-2811","2976627","Cumulative Security Update for Internet Explorer","Microsoft Windows Server 2003 x64 Edition Service Pack 2","Windows Internet Explorer 8","Critical","Remote Code Execution",""
"20140311","CVE-2014-0317","2923392","Vulnerability in Security Account Manager Remote (SAMR) Protocol Could Allow Security Feature Bypass","Microsoft Windows Server 2003 x64 Edition Service Pack 2","","Important","Security Feature Bypass",""
"20140311","CVE-2014-0317","2923392","Vulnerability in Security Account Manager Remote (SAMR) Protocol Could Allow Security Feature Bypass","Microsoft Windows Server 2003 for Itanium-based Systems Service Pack 2","","Important","Security Feature Bypass",""
"20140311","CVE-2014-0317","2933528","Vulnerability in Security Account Manager Remote (SAMR) Protocol Could Allow Security Feature Bypass","Microsoft Windows Server 2003 x64 Edition Service Pack 2","","Important","Security Feature Bypass",""
"20130709","CVE-2013-3131","2833941","Vulnerabilities in .NET Framework and Silverlight Could Allow Remote Code Execution","Microsoft Windows Server 2003 x64 Edition Service Pack 2","Microsoft .NET Framework 1.1 Service Pack 1","Critical","Remote Code Execution",""
"20130709","CVE-2013-3131","2840628","Vulnerabilities in .NET Framework and Silverlight Could Allow Remote Code Execution","Microsoft Windows Server 2003 for Itanium-based Systems Service Pack 2","Microsoft .NET Framework 4","Critical","Remote Code Execution",""
"20130709","CVE-2013-3131","2840629","Vulnerabilities in .NET Framework and Silverlight Could Allow Remote Code Execution","Microsoft Windows Server 2003 for Itanium-based Systems Service Pack 2","Microsoft .NET Framework 3.5 Service Pack 1","Critical","Remote Code Execution",""
"20130709","CVE-2013-3131","2840629","Vulnerabilities in .NET Framework and Silverlight Could Allow Remote Code Execution","Microsoft Windows Server 2003 x64 Edition Service Pack 2","Microsoft .NET Framework 3.5 Service Pack 1","Critical","Remote Code Execution",""
"20130709","CVE-2013-3131","2840628","Vulnerabilities in .NET Framework and Silverlight Could Allow Remote Code Execution","Microsoft Windows Server 2003 x64 Edition Service Pack 2","Microsoft .NET Framework 4","Critical","Remote Code Execution",""
"20130709","CVE-2013-3131","2844285","Vulnerabilities in .NET Framework and Silverlight Could Allow Remote Code Execution","Microsoft Windows Server 2003 for Itanium-based Systems Service Pack 2","Microsoft .NET Framework 2.0 Service Pack 2","Critical","Remote Code Execution",""
"20130709","CVE-2013-3131","2833941","Vulnerabilities in .NET Framework and Silverlight Could Allow Remote Code Execution","Microsoft Windows Server 2003 for Itanium-based Systems Service Pack 2","Microsoft .NET Framework 1.1 Service Pack 1","Critical","Remote Code Execution",""
"20100608","CVE-2010-1879","979482","Vulnerabilities in Media Decompression Could Allow Remote Code Execution","Microsoft Windows Server 2003 x64 Edition Service Pack 2","Asycfilt.dll (COM component)","Critical","Remote Code Execution",""
"20100608","CVE-2010-1879","979482","Vulnerabilities in Media Decompression Could Allow Remote Code Execution","Microsoft Windows Server 2003 for Itanium-based Systems Service Pack 2","Asycfilt.dll (COM component)","Critical","Remote Code Execution",""
"20100608","CVE-2010-1879","978695","Vulnerabilities in Media Decompression Could Allow Remote Code Execution","Microsoft Windows Server 2003 x64 Edition Service Pack 2","Windows Media Format Runtime 9.5","Critical","Remote Code Execution",""
"20100608","CVE-2010-1879","978695","Vulnerabilities in Media Decompression Could Allow Remote Code Execution","Microsoft Windows Server 2003 x64 Edition Service Pack 2","DirectShow","Critical","Remote Code Execution",""
"20140812","CVE-2014-4067","2976627","Cumulative Security Update for Internet Explorer","Microsoft Windows Server 2003 x64 Edition Service Pack 2","Microsoft Internet Explorer 6.0","Critical","Remote Code Execution",""
"20140812","CVE-2014-4067","2976627","Cumulative Security Update for Internet Explorer","Microsoft Windows Server 2003 for Itanium-based Systems Service Pack 2","Microsoft Internet Explorer 6.0","Critical","Remote Code Execution",""
"20140812","CVE-2014-4067","2976627","Cumulative Security Update for Internet Explorer","Microsoft Windows Server 2003 x64 Edition Service Pack 2","Windows Internet Explorer 7","Critical","Remote Code Execution",""
"20140812","CVE-2014-4067","2976627","Cumulative Security Update for Internet Explorer","Microsoft Windows Server 2003 for Itanium-based Systems Service Pack 2","Windows Internet Explorer 7","Critical","Remote Code Execution",""
"20140812","CVE-2014-4067","2976627","Cumulative Security Update for Internet Explorer","Microsoft Windows Server 2003 x64 Edition Service Pack 2","Windows Internet Explorer 8","Critical","Remote Code Execution",""
"20130709","CVE-2013-3178","2833941","Vulnerabilities in .NET Framework and Silverlight Could Allow Remote Code Execution","Microsoft Windows Server 2003 x64 Edition Service Pack 2","Microsoft .NET Framework 1.1 Service Pack 1","Critical","Remote Code Execution",""
"20130709","CVE-2013-3178","2840628","Vulnerabilities in .NET Framework and Silverlight Could Allow Remote Code Execution","Microsoft Windows Server 2003 for Itanium-based Systems Service Pack 2","Microsoft .NET Framework 4","Critical","Remote Code Execution",""
"20130709","CVE-2013-3178","2840629","Vulnerabilities in .NET Framework and Silverlight Could Allow Remote Code Execution","Microsoft Windows Server 2003 for Itanium-based Systems Service Pack 2","Microsoft .NET Framework 3.5 Service Pack 1","Critical","Remote Code Execution",""
"20130709","CVE-2013-3178","2840629","Vulnerabilities in .NET Framework and Silverlight Could Allow Remote Code Execution","Microsoft Windows Server 2003 x64 Edition Service Pack 2","Microsoft .NET Framework 3.5 Service Pack 1","Critical","Remote Code Execution",""
"20130709","CVE-2013-3178","2840628","Vulnerabilities in .NET Framework and Silverlight Could Allow Remote Code Execution","Microsoft Windows Server 2003 x64 Edition Service Pack 2","Microsoft .NET Framework 4","Critical","Remote Code Execution",""
"20130709","CVE-2013-3178","2844285","Vulnerabilities in .NET Framework and Silverlight Could Allow Remote Code Execution","Microsoft Windows Server 2003 for Itanium-based Systems Service Pack 2","Microsoft .NET Framework 2.0 Service Pack 2","Critical","Remote Code Execution",""
"20130709","CVE-2013-3178","2833941","Vulnerabilities in .NET Framework and Silverlight Could Allow Remote Code Execution","Microsoft Windows Server 2003 for Itanium-based Systems Service Pack 2","Microsoft .NET Framework 1.1 Service Pack 1","Critical","Remote Code Execution",""
"20120814","CVE-2012-1850","2705219","Vulnerabilities in Windows Networking Components Could Allow Remote Code Execution","Microsoft Windows Server 2003 for Itanium-based Systems Service Pack 2","","Critical","Remote Code Execution",""
"20120814","CVE-2012-1850","2705219","Vulnerabilities in Windows Networking Components Could Allow Remote Code Execution","Microsoft Windows Server 2003 x64 Edition Service Pack 2","","Critical","Remote Code Execution",""
"20120814","CVE-2012-1850","2712808","Vulnerabilities in Windows Networking Components Could Allow Remote Code Execution","Microsoft Windows Server 2003 for Itanium-based Systems Service Pack 2","","Critical","Remote Code Execution",""
"20120814","CVE-2012-1850","2712808","Vulnerabilities in Windows Networking Components Could Allow Remote Code Execution","Microsoft Windows Server 2003 x64 Edition Service Pack 2","","Critical","Remote Code Execution",""
"20150714","CVE-2015-2397","3065822","Security Update for Internet Explorer","Microsoft Windows Server 2003 x64 Edition Service Pack 2","Microsoft Internet Explorer 6.0","Critical","Remote Code Execution",""
"20150714","CVE-2015-2397","3065822","Security Update for Internet Explorer","Microsoft Windows Server 2003 for Itanium-based Systems Service Pack 2","Microsoft Internet Explorer 6.0","Critical","Remote Code Execution",""
"20150714","CVE-2015-2397","3065822","Security Update for Internet Explorer","Microsoft Windows Server 2003 x64 Edition Service Pack 2","Windows Internet Explorer 7","Critical","Remote Code Execution",""
"20150714","CVE-2015-2397","3065822","Security Update for Internet Explorer","Microsoft Windows Server 2003 for Itanium-based Systems Service Pack 2","Windows Internet Explorer 7","Critical","Remote Code Execution",""
"20150714","CVE-2015-2397","3065822","Security Update for Internet Explorer","Microsoft Windows Server 2003 x64 Edition Service Pack 2","Windows Internet Explorer 8","Critical","Remote Code Execution",""
"20121113","CVE-2012-1896","2737019","Vulnerabilities in .NET Framework Could Allow Remote Code Execution","Microsoft Windows Server 2003 x64 Edition Service Pack 2","Microsoft .NET Framework 4","Critical","Remote Code Execution",""
"20121113","CVE-2012-1896","2737019","Vulnerabilities in .NET Framework Could Allow Remote Code Execution","Microsoft Windows Server 2003 for Itanium-based Systems Service Pack 2","Microsoft .NET Framework 4","Critical","Remote Code Execution",""
"20121113","CVE-2012-1896","2729450","Vulnerabilities in .NET Framework Could Allow Remote Code Execution","Microsoft Windows Server 2003 x64 Edition Service Pack 2","Microsoft .NET Framework 2.0 Service Pack 2","Critical","Remote Code Execution",""
"20121113","CVE-2012-1896","2729450","Vulnerabilities in .NET Framework Could Allow Remote Code Execution","Microsoft Windows Server 2003 for Itanium-based Systems Service Pack 2","Microsoft .NET Framework 2.0 Service Pack 2","Critical","Remote Code Execution",""
"20121113","CVE-2012-1896","2729449","Vulnerabilities in .NET Framework Could Allow Remote Code Execution","Microsoft Windows Server 2003 x64 Edition Service Pack 2","Microsoft .NET Framework 4","Critical","Remote Code Execution",""
"20121113","CVE-2012-1896","2729449","Vulnerabilities in .NET Framework Could Allow Remote Code Execution","Microsoft Windows Server 2003 for Itanium-based Systems Service Pack 2","Microsoft .NET Framework 4","Critical","Remote Code Execution",""
"20140812","CVE-2014-2826","2976627","Cumulative Security Update for Internet Explorer","Microsoft Windows Server 2003 x64 Edition Service Pack 2","Microsoft Internet Explorer 6.0","Critical","Remote Code Execution",""
"20140812","CVE-2014-2826","2976627","Cumulative Security Update for Internet Explorer","Microsoft Windows Server 2003 for Itanium-based Systems Service Pack 2","Microsoft Internet Explorer 6.0","Critical","Remote Code Execution",""
"20140812","CVE-2014-2826","2976627","Cumulative Security Update for Internet Explorer","Microsoft Windows Server 2003 x64 Edition Service Pack 2","Windows Internet Explorer 7","Critical","Remote Code Execution",""
"20140812","CVE-2014-2826","2976627","Cumulative Security Update for Internet Explorer","Microsoft Windows Server 2003 for Itanium-based Systems Service Pack 2","Windows Internet Explorer 7","Critical","Remote Code Execution",""
"20140812","CVE-2014-2826","2976627","Cumulative Security Update for Internet Explorer","Microsoft Windows Server 2003 x64 Edition Service Pack 2","Windows Internet Explorer 8","Critical","Remote Code Execution",""
"20090908","CVE-2009-2498","972554","Vulnerabilities in Windows Media Format Could Allow Remote Code Execution","Microsoft Windows Server 2003 x64 Edition Service Pack 2","Windows Media Services","Critical","Remote Code Execution",""
"20081111","CVE-2008-4037","957097","Vulnerability in SMB Could Allow Remote Code","Microsoft Windows Server 2003 x64 Edition Service Pack 2","","Important","Remote Code Execution","http://www.securityfocus.com/bid/7385, http://www.securityfocus.com/data/vulnerabilities/exploits/backrush.patch, http://www.securityfocus.com/data/vulnerabilities/exploits/backrush.patch.README, https://exploit-db.com/exploits/16360, https://exploit-db.com/exploits/7125, https://exploit-db.com/exploits/20"
"20081111","CVE-2008-4037","957097","Vulnerability in SMB Could Allow Remote Code","Microsoft Windows Server 2003 for Itanium-based Systems Service Pack 1","","Important","Remote Code Execution","http://www.securityfocus.com/bid/7385, http://www.securityfocus.com/data/vulnerabilities/exploits/backrush.patch, http://www.securityfocus.com/data/vulnerabilities/exploits/backrush.patch.README, https://exploit-db.com/exploits/16360, https://exploit-db.com/exploits/7125, https://exploit-db.com/exploits/20"
"20081111","CVE-2008-4037","957097","Vulnerability in SMB Could Allow Remote Code","Microsoft Windows Server 2003 for Itanium-based Systems Service Pack 2","","Important","Remote Code Execution","http://www.securityfocus.com/bid/7385, http://www.securityfocus.com/data/vulnerabilities/exploits/backrush.patch, http://www.securityfocus.com/data/vulnerabilities/exploits/backrush.patch.README, https://exploit-db.com/exploits/16360, https://exploit-db.com/exploits/7125, https://exploit-db.com/exploits/20"
"20081111","CVE-2008-4037","957097","Vulnerability in SMB Could Allow Remote Code","Microsoft Windows Server 2003 x64 Edition","","Important","Remote Code Execution","http://www.securityfocus.com/bid/7385, http://www.securityfocus.com/data/vulnerabilities/exploits/backrush.patch, http://www.securityfocus.com/data/vulnerabilities/exploits/backrush.patch.README, https://exploit-db.com/exploits/16360, https://exploit-db.com/exploits/7125, https://exploit-db.com/exploits/20"
"20150310","CVE-2015-0096","3039066","Vulnerabilities in Microsoft Windows Could Allow Remote Code Execution","Microsoft Windows Server 2003 x64 Edition Service Pack 2","","Critical","Remote Code Execution","https://exploit-db.com/exploits/14403"
"20150310","CVE-2015-0096","3039066","Vulnerabilities in Microsoft Windows Could Allow Remote Code Execution","Microsoft Windows Server 2003 for Itanium-based Systems Service Pack 2","","Critical","Remote Code Execution","https://exploit-db.com/exploits/14403"
"20150310","CVE-2015-0096","3033889","Vulnerabilities in Microsoft Windows Could Allow Remote Code Execution","Microsoft Windows Server 2003 for Itanium-based Systems Service Pack 2","","Critical","Remote Code Execution","https://exploit-db.com/exploits/14403"
"20150310","CVE-2015-0096","3033889","Vulnerabilities in Microsoft Windows Could Allow Remote Code Execution","Microsoft Windows Server 2003 x64 Edition Service Pack 2","","Critical","Remote Code Execution","https://exploit-db.com/exploits/14403"
"20110412","CVE-2010-4701","2491683","Vulnerabilities in Windows Fax Cover Page Editor Could Allow Remote Code Execution","Microsoft Windows Server 2003 x64 Edition Service Pack 2","","Important","Remote Code Execution","http://retrogod.altervista.org/9sg_cov_bof.html, http://www.exploit-db.com/exploits/15839"
"20110412","CVE-2010-4701","2491683","Vulnerabilities in Windows Fax Cover Page Editor Could Allow Remote Code Execution","Microsoft Windows Server 2003 for Itanium-based Systems Service Pack 2","","Important","Remote Code Execution","http://retrogod.altervista.org/9sg_cov_bof.html, http://www.exploit-db.com/exploits/15839"
"20110412","CVE-2010-4701","2506212","Vulnerabilities in Windows Fax Cover Page Editor Could Allow Remote Code Execution","Microsoft Windows Server 2003 x64 Edition Service Pack 2","","Important","Remote Code Execution","http://retrogod.altervista.org/9sg_cov_bof.html, http://www.exploit-db.com/exploits/15839"
"20110412","CVE-2010-4701","2506212","Vulnerabilities in Windows Fax Cover Page Editor Could Allow Remote Code Execution","Microsoft Windows Server 2003 for Itanium-based Systems Service Pack 2","","Important","Remote Code Execution","http://retrogod.altervista.org/9sg_cov_bof.html, http://www.exploit-db.com/exploits/15839"
"20150512","CVE-2015-1677","3045171","Vulnerabilities in Windows Kernel-Mode Drivers Could Allow Elevation of Privilege","Microsoft Windows Server 2003 x64 Edition Service Pack 2","","Important","Elevation of Privilege","https://exploit-db.com/exploits/37049"
"20150512","CVE-2015-1677","3045171","Vulnerabilities in Windows Kernel-Mode Drivers Could Allow Elevation of Privilege","Microsoft Windows Server 2003 for Itanium-based Systems Service Pack 2","","Important","Elevation of Privilege","https://exploit-db.com/exploits/37049"
"20101214","CVE-2010-3147","2423089","Vulnerability in Windows Address Book Could Allow Remote Code Execution","Microsoft Windows Server 2003 x64 Edition Service Pack 2","","Important","Remote Code Execution","http://www.attackvector.org/new-dll-hijacking-exploits-many/, http://www.exploit-db.com/exploits/14745/, https://exploit-db.com/exploits/14778, https://exploit-db.com/exploits/14733"
"20101214","CVE-2010-3147","2423089","Vulnerability in Windows Address Book Could Allow Remote Code Execution","Microsoft Windows Server 2003 for Itanium-based Systems Service Pack 2","","Important","Remote Code Execution","http://www.attackvector.org/new-dll-hijacking-exploits-many/, http://www.exploit-db.com/exploits/14745/, https://exploit-db.com/exploits/14778, https://exploit-db.com/exploits/14733"
"20090414","CVE-2009-0086","960803","Vulnerabilities in Windows HTTP Services Could Allow Remote Code Execution","Microsoft Windows Server 2003 x64 Edition","","Critical","Remote Code Execution",""
"20090414","CVE-2009-0086","960803","Vulnerabilities in Windows HTTP Services Could Allow Remote Code Execution","Microsoft Windows Server 2003 x64 Edition Service Pack 2","","Critical","Remote Code Execution",""
"20090414","CVE-2009-0086","960803","Vulnerabilities in Windows HTTP Services Could Allow Remote Code Execution","Microsoft Windows Server 2003 for Itanium-based Systems Service Pack 1","","Critical","Remote Code Execution",""
"20090414","CVE-2009-0086","960803","Vulnerabilities in Windows HTTP Services Could Allow Remote Code Execution","Microsoft Windows Server 2003 for Itanium-based Systems Service Pack 2","","Critical","Remote Code Execution",""
"20130312","CVE-2013-1287","2807986","Vulnerabilities in Kernel-Mode Drivers Could Allow Elevation Of Privilege","Microsoft Windows Server 2003 x64 Edition Service Pack 2","","Important","Elevation of Privilege",""
"20130312","CVE-2013-1287","2807986","Vulnerabilities in Kernel-Mode Drivers Could Allow Elevation Of Privilege","Microsoft Windows Server 2003 for Itanium-based Systems Service Pack 2","","Important","Elevation of Privilege",""
"20140610","CVE-2014-2758","2957689","Cumulative Security Update for Internet Explorer","Microsoft Windows Server 2003 x64 Edition Service Pack 2","Windows Internet Explorer 7","Critical","Remote Code Execution","https://exploit-db.com/exploits/34010"
"20140610","CVE-2014-2758","2957689","Cumulative Security Update for Internet Explorer","Microsoft Windows Server 2003 for Itanium-based Systems Service Pack 2","Windows Internet Explorer 7","Critical","Remote Code Execution","https://exploit-db.com/exploits/34010"
"20140610","CVE-2014-2758","2957689","Cumulative Security Update for Internet Explorer","Microsoft Windows Server 2003 x64 Edition Service Pack 2","Windows Internet Explorer 8","Critical","Remote Code Execution","https://exploit-db.com/exploits/34010"
"20140610","CVE-2014-2758","2957689","Cumulative Security Update for Internet Explorer","Microsoft Windows Server 2003 x64 Edition Service Pack 2","Microsoft Internet Explorer 6.0","Critical","Remote Code Execution","https://exploit-db.com/exploits/34010"
"20140610","CVE-2014-2758","2957689","Cumulative Security Update for Internet Explorer","Microsoft Windows Server 2003 for Itanium-based Systems Service Pack 2","Microsoft Internet Explorer 6.0","Critical","Remote Code Execution","https://exploit-db.com/exploits/34010"
"20091013","CVE-2009-2525","969878","Vulnerabilities in Windows Media Runtime Could Allow Remote Code Execution","Microsoft Windows Server 2003 x64 Edition Service Pack 2","Microsoft DirectX","Critical","Remote Code Execution",""
"20091013","CVE-2009-2525","954155","Vulnerabilities in Windows Media Runtime Could Allow Remote Code Execution","Microsoft Windows Server 2003 x64 Edition Service Pack 2","Windows Media Audio Voice Decoder","Critical","Remote Code Execution",""
"20091013","CVE-2009-2525","954155","Vulnerabilities in Windows Media Runtime Could Allow Remote Code Execution","Microsoft Windows Server 2003 x64 Edition Service Pack 2","Windows Media Audio Voice Decoder","Critical","Remote Code Execution",""
"20091013","CVE-2009-2525","975025","Vulnerabilities in Windows Media Runtime Could Allow Remote Code Execution","Microsoft Windows Server 2003 x64 Edition Service Pack 2","Audio Compression Manager","Critical","Remote Code Execution",""
"20110809","CVE-2011-1974","2566454","Vulnerability in Remote Access Service NDISTAPI Driver Could Allow Elevation of Privilege","Microsoft Windows Server 2003 x64 Edition Service Pack 2","","Important","Elevation of Privilege","https://exploit-db.com/exploits/40627"
"20110809","CVE-2011-1974","2566454","Vulnerability in Remote Access Service NDISTAPI Driver Could Allow Elevation of Privilege","Microsoft Windows Server 2003 for Itanium-based Systems Service Pack 2","","Important","Elevation of Privilege","https://exploit-db.com/exploits/40627"
"20090609","CVE-2009-0239","963093","Vulnerability in Windows Search Could Allow Information Disclosure","Microsoft Windows Server 2003 x64 Edition Service Pack 2","Windows Search 4.0","Moderate","Information Disclosure",""
"20150714","CVE-2015-2366","3070102","Vulnerabilities in Windows Kernel-Mode Driver Could Allow Elevation of Privilege","Microsoft Windows Server 2003 x64 Edition Service Pack 2","","Important","Elevation of Privilege","https://exploit-db.com/exploits/38266"
"20150714","CVE-2015-2366","3070102","Vulnerabilities in Windows Kernel-Mode Driver Could Allow Elevation of Privilege","Microsoft Windows Server 2003 for Itanium-based Systems Service Pack 2","","Important","Elevation of Privilege","https://exploit-db.com/exploits/38266"
"20101012","CVE-2010-3227","2387149","Vulnerability in Microsoft Foundation Classes Could Allow Remote Code Execution","Microsoft Windows Server 2003 x64 Edition Service Pack 2","","Moderate","Remote Code Execution","http://www.exploit-db.com/exploits/13921/"
"20101012","CVE-2010-3227","2387149","Vulnerability in Microsoft Foundation Classes Could Allow Remote Code Execution","Microsoft Windows Server 2003 for Itanium-based Systems Service Pack 2","","Moderate","Remote Code Execution","http://www.exploit-db.com/exploits/13921/"
"20150414","CVE-2015-1648","3037577","Vulnerability in .NET Framework Could Allow Information Disclosure","Microsoft Windows Server 2003 x64 Edition Service Pack 2","Microsoft .NET Framework 2.0 Service Pack 2","Important","Information Disclosure",""
"20150414","CVE-2015-1648","3037577","Vulnerability in .NET Framework Could Allow Information Disclosure","Microsoft Windows Server 2003 for Itanium-based Systems Service Pack 2","Microsoft .NET Framework 2.0 Service Pack 2","Important","Information Disclosure",""
"20150414","CVE-2015-1648","3037578","Vulnerability in .NET Framework Could Allow Information Disclosure","Microsoft Windows Server 2003 x64 Edition Service Pack 2","Microsoft .NET Framework 4","Important","Information Disclosure",""
"20150414","CVE-2015-1648","3037578","Vulnerability in .NET Framework Could Allow Information Disclosure","Microsoft Windows Server 2003 for Itanium-based Systems Service Pack 2","Microsoft .NET Framework 4","Important","Information Disclosure",""
"20090414","CVE-2008-2540","959426","Blended Threat Vulnerability in SearchPath Could Allow Elevation of Privilege","Microsoft Windows Server 2003 x64 Edition","","Moderate","Elevation of Privilege",""
"20090414","CVE-2008-2540","959426","Blended Threat Vulnerability in SearchPath Could Allow Elevation of Privilege","Microsoft Windows Server 2003 x64 Edition Service Pack 2","","Moderate","Elevation of Privilege",""
"20090414","CVE-2008-2540","959426","Blended Threat Vulnerability in SearchPath Could Allow Elevation of Privilege","Microsoft Windows Server 2003 for Itanium-based Systems Service Pack 1","","Moderate","Elevation of Privilege",""
"20090414","CVE-2008-2540","959426","Blended Threat Vulnerability in SearchPath Could Allow Elevation of Privilege","Microsoft Windows Server 2003 for Itanium-based Systems Service Pack 2","","Moderate","Elevation of Privilege",""
"20140610","CVE-2014-1792","2957689","Cumulative Security Update for Internet Explorer","Microsoft Windows Server 2003 x64 Edition Service Pack 2","Windows Internet Explorer 7","Critical","Remote Code Execution","https://exploit-db.com/exploits/34010"
"20140610","CVE-2014-1792","2957689","Cumulative Security Update for Internet Explorer","Microsoft Windows Server 2003 for Itanium-based Systems Service Pack 2","Windows Internet Explorer 7","Critical","Remote Code Execution","https://exploit-db.com/exploits/34010"
"20140610","CVE-2014-1792","2957689","Cumulative Security Update for Internet Explorer","Microsoft Windows Server 2003 x64 Edition Service Pack 2","Windows Internet Explorer 8","Critical","Remote Code Execution","https://exploit-db.com/exploits/34010"
"20140610","CVE-2014-1792","2957689","Cumulative Security Update for Internet Explorer","Microsoft Windows Server 2003 x64 Edition Service Pack 2","Microsoft Internet Explorer 6.0","Critical","Remote Code Execution","https://exploit-db.com/exploits/34010"
"20140610","CVE-2014-1792","2957689","Cumulative Security Update for Internet Explorer","Microsoft Windows Server 2003 for Itanium-based Systems Service Pack 2","Microsoft Internet Explorer 6.0","Critical","Remote Code Execution","https://exploit-db.com/exploits/34010"
"20130312","CVE-2013-1286","2807986","Vulnerabilities in Kernel-Mode Drivers Could Allow Elevation Of Privilege","Microsoft Windows Server 2003 x64 Edition Service Pack 2","","Important","Elevation of Privilege",""
"20130312","CVE-2013-1286","2807986","Vulnerabilities in Kernel-Mode Drivers Could Allow Elevation Of Privilege","Microsoft Windows Server 2003 for Itanium-based Systems Service Pack 2","","Important","Elevation of Privilege",""
"20090811","CVE-2009-1930","960859","Vulnerability in Telnet Could Allow Remote Code Execution","Microsoft Windows Server 2003 x64 Edition Service Pack 2","","Important","Remote Code Execution",""
"20090811","CVE-2009-1930","960859","Vulnerability in Telnet Could Allow Remote Code Execution","Microsoft Windows Server 2003 for Itanium-based Systems Service Pack 2","","Important","Remote Code Execution",""
"20070313","SPSRV3X64SP2","SPSRV3X64SP2","Microsoft Windows Server 2003 x64 Edition Service Pack 2","Microsoft Windows Server 2003 x64 Edition Service Pack 1","","Critical","No more updates",""
"20090414","CVE-2009-0088","923561","Vulnerabilities in WordPad and Office Text Converters Could Allow Remote Code Execution","Microsoft Windows Server 2003 x64 Edition","","Critical","Remote Code Execution",""
"20090414","CVE-2009-0088","923561","Vulnerabilities in WordPad and Office Text Converters Could Allow Remote Code Execution","Microsoft Windows Server 2003 x64 Edition Service Pack 2","","Critical","Remote Code Execution",""
"20090414","CVE-2009-0088","923561","Vulnerabilities in WordPad and Office Text Converters Could Allow Remote Code Execution","Microsoft Windows Server 2003 for Itanium-based Systems Service Pack 1","","Critical","Remote Code Execution",""
"20090414","CVE-2009-0088","923561","Vulnerabilities in WordPad and Office Text Converters Could Allow Remote Code Execution","Microsoft Windows Server 2003 for Itanium-based Systems Service Pack 2","","Critical","Remote Code Execution",""
"20121211","CVE-2012-1537","2770660","Vulnerability in DirectPlay Could Allow Remote Code Execution","Microsoft Windows Server 2003 x64 Edition Service Pack 2","","Important","Remote Code Execution",""
"20121211","CVE-2012-1537","2770660","Vulnerability in DirectPlay Could Allow Remote Code Execution","Microsoft Windows Server 2003 for Itanium-based Systems Service Pack 2","","Important","Remote Code Execution",""
"20140812","CVE-2014-2825","2976627","Cumulative Security Update for Internet Explorer","Microsoft Windows Server 2003 x64 Edition Service Pack 2","Microsoft Internet Explorer 6.0","Critical","Remote Code Execution",""
"20140812","CVE-2014-2825","2976627","Cumulative Security Update for Internet Explorer","Microsoft Windows Server 2003 for Itanium-based Systems Service Pack 2","Microsoft Internet Explorer 6.0","Critical","Remote Code Execution",""
"20140812","CVE-2014-2825","2976627","Cumulative Security Update for Internet Explorer","Microsoft Windows Server 2003 x64 Edition Service Pack 2","Windows Internet Explorer 7","Critical","Remote Code Execution",""
"20140812","CVE-2014-2825","2976627","Cumulative Security Update for Internet Explorer","Microsoft Windows Server 2003 for Itanium-based Systems Service Pack 2","Windows Internet Explorer 7","Critical","Remote Code Execution",""
"20140812","CVE-2014-2825","2976627","Cumulative Security Update for Internet Explorer","Microsoft Windows Server 2003 x64 Edition Service Pack 2","Windows Internet Explorer 8","Critical","Remote Code Execution",""
"20150714","CVE-2015-1729","3065822","Security Update for Internet Explorer","Microsoft Windows Server 2003 x64 Edition Service Pack 2","Microsoft Internet Explorer 6.0","Critical","Remote Code Execution",""
"20150714","CVE-2015-1729","3065822","Security Update for Internet Explorer","Microsoft Windows Server 2003 for Itanium-based Systems Service Pack 2","Microsoft Internet Explorer 6.0","Critical","Remote Code Execution",""
"20150714","CVE-2015-1729","3065822","Security Update for Internet Explorer","Microsoft Windows Server 2003 x64 Edition Service Pack 2","Windows Internet Explorer 7","Critical","Remote Code Execution",""
"20150714","CVE-2015-1729","3065822","Security Update for Internet Explorer","Microsoft Windows Server 2003 for Itanium-based Systems Service Pack 2","Windows Internet Explorer 7","Critical","Remote Code Execution",""
"20150714","CVE-2015-1729","3065822","Security Update for Internet Explorer","Microsoft Windows Server 2003 x64 Edition Service Pack 2","Windows Internet Explorer 8","Critical","Remote Code Execution",""
"20100413","CVE-2010-0486","979309","Vulnerabilities in Windows Could Allow Remote Code Execution","Microsoft Windows Server 2003 x64 Edition Service Pack 2","Cabinet File Viewer Shell Extension 6.0","Critical","Remote Code Execution",""
"20100413","CVE-2010-0486","979309","Vulnerabilities in Windows Could Allow Remote Code Execution","Microsoft Windows Server 2003 for Itanium-based Systems Service Pack 2","Cabinet File Viewer Shell Extension 6.0","Critical","Remote Code Execution",""
"20140610","CVE-2014-1805","2957689","Cumulative Security Update for Internet Explorer","Microsoft Windows Server 2003 x64 Edition Service Pack 2","Windows Internet Explorer 7","Critical","Remote Code Execution","https://exploit-db.com/exploits/34010"
"20140610","CVE-2014-1805","2957689","Cumulative Security Update for Internet Explorer","Microsoft Windows Server 2003 for Itanium-based Systems Service Pack 2","Windows Internet Explorer 7","Critical","Remote Code Execution","https://exploit-db.com/exploits/34010"
"20140610","CVE-2014-1805","2957689","Cumulative Security Update for Internet Explorer","Microsoft Windows Server 2003 x64 Edition Service Pack 2","Windows Internet Explorer 8","Critical","Remote Code Execution","https://exploit-db.com/exploits/34010"
"20140610","CVE-2014-1805","2957689","Cumulative Security Update for Internet Explorer","Microsoft Windows Server 2003 x64 Edition Service Pack 2","Microsoft Internet Explorer 6.0","Critical","Remote Code Execution","https://exploit-db.com/exploits/34010"
"20140610","CVE-2014-1805","2957689","Cumulative Security Update for Internet Explorer","Microsoft Windows Server 2003 for Itanium-based Systems Service Pack 2","Microsoft Internet Explorer 6.0","Critical","Remote Code Execution","https://exploit-db.com/exploits/34010"
"20120110","CVE-2012-0009","2603381","Vulnerability in Windows Object Packager Could Allow Remote Code Execution","Microsoft Windows Server 2003 x64 Edition Service Pack 2","","Important","Remote Code Execution",""
"20120110","CVE-2012-0009","2603381","Vulnerability in Windows Object Packager Could Allow Remote Code Execution","Microsoft Windows Server 2003 for Itanium-based Systems Service Pack 2","","Important","Remote Code Execution",""
"20090414","CVE-2009-0079","952004","Vulnerabilities in Windows Could Allow Elevation of Privilege","Microsoft Windows Server 2003 x64 Edition","","Important","Elevation of Privilege","https://exploit-db.com/exploits/32892"
"20090414","CVE-2009-0079","952004","Vulnerabilities in Windows Could Allow Elevation of Privilege","Microsoft Windows Server 2003 x64 Edition Service Pack 2","","Important","Elevation of Privilege","https://exploit-db.com/exploits/32892"
"20090414","CVE-2009-0079","952004","Vulnerabilities in Windows Could Allow Elevation of Privilege","Microsoft Windows Server 2003 for Itanium-based Systems Service Pack 1","","Important","Elevation of Privilege","https://exploit-db.com/exploits/32892"
"20090414","CVE-2009-0079","952004","Vulnerabilities in Windows Could Allow Elevation of Privilege","Microsoft Windows Server 2003 for Itanium-based Systems Service Pack 2","","Important","Elevation of Privilege","https://exploit-db.com/exploits/32892"
"20090414","CVE-2009-0079","956572","Vulnerabilities in Windows Could Allow Elevation of Privilege","Microsoft Windows Server 2003 x64 Edition","","Important","Elevation of Privilege","https://exploit-db.com/exploits/32892"
"20090414","CVE-2009-0079","956572","Vulnerabilities in Windows Could Allow Elevation of Privilege","Microsoft Windows Server 2003 x64 Edition Service Pack 2","","Important","Elevation of Privilege","https://exploit-db.com/exploits/32892"
"20090414","CVE-2009-0079","956572","Vulnerabilities in Windows Could Allow Elevation of Privilege","Microsoft Windows Server 2003 for Itanium-based Systems Service Pack 1","","Important","Elevation of Privilege","https://exploit-db.com/exploits/32892"
"20090414","CVE-2009-0079","956572","Vulnerabilities in Windows Could Allow Elevation of Privilege","Microsoft Windows Server 2003 for Itanium-based Systems Service Pack 2","","Important","Elevation of Privilege","https://exploit-db.com/exploits/32892"
"20150714","CVE-2015-2370","3067505","Vulnerability in Windows Remote Procedure Call Could Allow Elevation of Privilege","Microsoft Windows Server 2003 x64 Edition Service Pack 2","","Important","Elevation of Privilege","https://exploit-db.com/exploits/37768"
"20150714","CVE-2015-2370","3067505","Vulnerability in Windows Remote Procedure Call Could Allow Elevation of Privilege","Microsoft Windows Server 2003 for Itanium-based Systems Service Pack 2","","Important","Elevation of Privilege","https://exploit-db.com/exploits/37768"
"20091013","CVE-2009-3023","975254","Vulnerabilities in FTP Service for Internet Information Services Could Allow Remote Code Execution","Microsoft Windows Server 2003 x64 Edition Service Pack 2","Microsoft Internet Information Services 6.0","Important","Remote Code Execution","http://www.exploit-db.com/exploits/9541, http://www.exploit-db.com/exploits/9559, http://www.securityfocus.com/bid/36189, https://exploit-db.com/exploits/16740"
"20091013","CVE-2009-3023","975254","Vulnerabilities in FTP Service for Internet Information Services Could Allow Remote Code Execution","Microsoft Windows Server 2003 for Itanium-based Systems Service Pack 2","Microsoft Internet Information Services 6.0","Important","Remote Code Execution","http://www.exploit-db.com/exploits/9541, http://www.exploit-db.com/exploits/9559, http://www.securityfocus.com/bid/36189, https://exploit-db.com/exploits/16740"
"20150714","CVE-2015-2367","3070102","Vulnerabilities in Windows Kernel-Mode Driver Could Allow Elevation of Privilege","Microsoft Windows Server 2003 x64 Edition Service Pack 2","","Important","Elevation of Privilege",""
"20150714","CVE-2015-2367","3070102","Vulnerabilities in Windows Kernel-Mode Driver Could Allow Elevation of Privilege","Microsoft Windows Server 2003 for Itanium-based Systems Service Pack 2","","Important","Elevation of Privilege",""
"20091013","CVE-2009-2521","975254","Vulnerabilities in FTP Service for Internet Information Services Could Allow Remote Code Execution","Microsoft Windows Server 2003 x64 Edition Service Pack 2","Microsoft Internet Information Services 6.0","Important","Remote Code Execution","https://exploit-db.com/exploits/9587, https://exploit-db.com/exploits/17476"
"20091013","CVE-2009-2521","975254","Vulnerabilities in FTP Service for Internet Information Services Could Allow Remote Code Execution","Microsoft Windows Server 2003 for Itanium-based Systems Service Pack 2","Microsoft Internet Information Services 6.0","Important","Remote Code Execution","https://exploit-db.com/exploits/9587, https://exploit-db.com/exploits/17476"
"20120921","CVE-2012-2546","2744842","Cumulative Security Update for Internet Explorer","Microsoft Windows Server 2003 for Itanium-based Systems Service Pack 2","Microsoft Internet Explorer 6.0","Critical","Remote Code Execution",""
"20120921","CVE-2012-2546","2744842","Cumulative Security Update for Internet Explorer","Microsoft Windows Server 2003 x64 Edition Service Pack 2","Microsoft Internet Explorer 6.0","Critical","Remote Code Execution",""
"20120921","CVE-2012-2546","2744842","Cumulative Security Update for Internet Explorer","Microsoft Windows Server 2003 for Itanium-based Systems Service Pack 2","Windows Internet Explorer 7","Critical","Remote Code Execution",""
"20120921","CVE-2012-2546","2744842","Cumulative Security Update for Internet Explorer","Microsoft Windows Server 2003 x64 Edition Service Pack 2","Windows Internet Explorer 7","Critical","Remote Code Execution",""
"20120921","CVE-2012-2546","2744842","Cumulative Security Update for Internet Explorer","Microsoft Windows Server 2003 x64 Edition Service Pack 2","Windows Internet Explorer 8","Critical","Remote Code Execution",""
"20150113","CVE-2015-0011","3019215","Vulnerability in Windows Kernel-Mode Driver Could Allow Elevation of Privilege","Microsoft Windows Server 2003 x64 Edition Service Pack 2","","Important","Elevation of Privilege",""
"20150113","CVE-2015-0011","3019215","Vulnerability in Windows Kernel-Mode Driver Could Allow Elevation of Privilege","Microsoft Windows Server 2003 for Itanium-based Systems Service Pack 2","","Important","Elevation of Privilege",""
"20100413","CVE-2010-0480","977816","Vulnerability in Microsoft MPEG Layer-3 Codecs Could Allow Remote Code Execution","Microsoft Windows Server 2003 x64 Edition Service Pack 2","MPEG Layer-3 codecs","Critical","Remote Code Execution","https://exploit-db.com/exploits/15096, https://exploit-db.com/exploits/14895, https://exploit-db.com/exploits/17659"
"20091013","CVE-2009-0555","969878","Vulnerabilities in Windows Media Runtime Could Allow Remote Code Execution","Microsoft Windows Server 2003 x64 Edition Service Pack 2","Microsoft DirectX","Critical","Remote Code Execution",""
"20091013","CVE-2009-0555","954155","Vulnerabilities in Windows Media Runtime Could Allow Remote Code Execution","Microsoft Windows Server 2003 x64 Edition Service Pack 2","Windows Media Audio Voice Decoder","Critical","Remote Code Execution",""
"20091013","CVE-2009-0555","954155","Vulnerabilities in Windows Media Runtime Could Allow Remote Code Execution","Microsoft Windows Server 2003 x64 Edition Service Pack 2","Windows Media Audio Voice Decoder","Critical","Remote Code Execution",""
"20091013","CVE-2009-0555","975025","Vulnerabilities in Windows Media Runtime Could Allow Remote Code Execution","Microsoft Windows Server 2003 x64 Edition Service Pack 2","Audio Compression Manager","Critical","Remote Code Execution",""
"20131112","CVE-2013-3869","2868626","Vulnerability in Digital Signatures Could Allow Denial of Service","Microsoft Windows Server 2003 x64 Edition Service Pack 2","","Important","Denial of Service",""
"20131112","CVE-2013-3869","2868626","Vulnerability in Digital Signatures Could Allow Denial of Service","Microsoft Windows Server 2003 for Itanium-based Systems Service Pack 2","","Important","Denial of Service",""
"20150414","CVE-2015-1644","3045999","Vulnerabilities in Microsoft Windows Could Allow Elevation of Privilege","Microsoft Windows Server 2003 x64 Edition Service Pack 2","","Important","Elevation of Privilege",""
"20150414","CVE-2015-1644","3045999","Vulnerabilities in Microsoft Windows Could Allow Elevation of Privilege","Microsoft Windows Server 2003 for Itanium-based Systems Service Pack 2","","Important","Elevation of Privilege",""
"20150714","CVE-2015-2410","3065822","Security Update for Internet Explorer","Microsoft Windows Server 2003 x64 Edition Service Pack 2","Microsoft Internet Explorer 6.0","Critical","Remote Code Execution",""
"20150714","CVE-2015-2410","3065822","Security Update for Internet Explorer","Microsoft Windows Server 2003 for Itanium-based Systems Service Pack 2","Microsoft Internet Explorer 6.0","Critical","Remote Code Execution",""
"20150714","CVE-2015-2410","3065822","Security Update for Internet Explorer","Microsoft Windows Server 2003 x64 Edition Service Pack 2","Windows Internet Explorer 7","Critical","Remote Code Execution",""
"20150714","CVE-2015-2410","3065822","Security Update for Internet Explorer","Microsoft Windows Server 2003 for Itanium-based Systems Service Pack 2","Windows Internet Explorer 7","Critical","Remote Code Execution",""
"20150714","CVE-2015-2410","3065822","Security Update for Internet Explorer","Microsoft Windows Server 2003 x64 Edition Service Pack 2","Windows Internet Explorer 8","Critical","Remote Code Execution",""
"20130709","CVE-2013-3133","2833941","Vulnerabilities in .NET Framework and Silverlight Could Allow Remote Code Execution","Microsoft Windows Server 2003 x64 Edition Service Pack 2","Microsoft .NET Framework 1.1 Service Pack 1","Critical","Remote Code Execution",""
"20130709","CVE-2013-3133","2840628","Vulnerabilities in .NET Framework and Silverlight Could Allow Remote Code Execution","Microsoft Windows Server 2003 for Itanium-based Systems Service Pack 2","Microsoft .NET Framework 4","Critical","Remote Code Execution",""
"20130709","CVE-2013-3133","2840629","Vulnerabilities in .NET Framework and Silverlight Could Allow Remote Code Execution","Microsoft Windows Server 2003 for Itanium-based Systems Service Pack 2","Microsoft .NET Framework 3.5 Service Pack 1","Critical","Remote Code Execution",""
"20130709","CVE-2013-3133","2840629","Vulnerabilities in .NET Framework and Silverlight Could Allow Remote Code Execution","Microsoft Windows Server 2003 x64 Edition Service Pack 2","Microsoft .NET Framework 3.5 Service Pack 1","Critical","Remote Code Execution",""
"20130709","CVE-2013-3133","2840628","Vulnerabilities in .NET Framework and Silverlight Could Allow Remote Code Execution","Microsoft Windows Server 2003 x64 Edition Service Pack 2","Microsoft .NET Framework 4","Critical","Remote Code Execution",""
"20130709","CVE-2013-3133","2844285","Vulnerabilities in .NET Framework and Silverlight Could Allow Remote Code Execution","Microsoft Windows Server 2003 for Itanium-based Systems Service Pack 2","Microsoft .NET Framework 2.0 Service Pack 2","Critical","Remote Code Execution",""
"20130709","CVE-2013-3133","2833941","Vulnerabilities in .NET Framework and Silverlight Could Allow Remote Code Execution","Microsoft Windows Server 2003 for Itanium-based Systems Service Pack 2","Microsoft .NET Framework 1.1 Service Pack 1","Critical","Remote Code Execution",""
"20130409","CVE-2013-1295","2820917","Vulnerability in Windows Client/Server Run-time Subsystem (CSRSS) Could Allow Elevation of Privilege","Microsoft Windows Server 2003 x64 Edition Service Pack 2","","Important","Elevation of Privilege",""
"20130409","CVE-2013-1295","2820917","Vulnerability in Windows Client/Server Run-time Subsystem (CSRSS) Could Allow Elevation of Privilege","Microsoft Windows Server 2003 for Itanium-based Systems Service Pack 2","","Important","Elevation of Privilege",""
"20121113","CVE-2012-2519","2737019","Vulnerabilities in .NET Framework Could Allow Remote Code Execution","Microsoft Windows Server 2003 x64 Edition Service Pack 2","Microsoft .NET Framework 4","Critical","Remote Code Execution",""
"20121113","CVE-2012-2519","2737019","Vulnerabilities in .NET Framework Could Allow Remote Code Execution","Microsoft Windows Server 2003 for Itanium-based Systems Service Pack 2","Microsoft .NET Framework 4","Critical","Remote Code Execution",""
"20121113","CVE-2012-2519","2729450","Vulnerabilities in .NET Framework Could Allow Remote Code Execution","Microsoft Windows Server 2003 x64 Edition Service Pack 2","Microsoft .NET Framework 2.0 Service Pack 2","Critical","Remote Code Execution",""
"20121113","CVE-2012-2519","2729450","Vulnerabilities in .NET Framework Could Allow Remote Code Execution","Microsoft Windows Server 2003 for Itanium-based Systems Service Pack 2","Microsoft .NET Framework 2.0 Service Pack 2","Critical","Remote Code Execution",""
"20121113","CVE-2012-2519","2729449","Vulnerabilities in .NET Framework Could Allow Remote Code Execution","Microsoft Windows Server 2003 x64 Edition Service Pack 2","Microsoft .NET Framework 4","Critical","Remote Code Execution",""
"20121113","CVE-2012-2519","2729449","Vulnerabilities in .NET Framework Could Allow Remote Code Execution","Microsoft Windows Server 2003 for Itanium-based Systems Service Pack 2","Microsoft .NET Framework 4","Critical","Remote Code Execution",""
"20090908","CVE-2009-2499","972554","Vulnerabilities in Windows Media Format Could Allow Remote Code Execution","Microsoft Windows Server 2003 x64 Edition Service Pack 2","Windows Media Services","Critical","Remote Code Execution",""
"20130108","CVE-2013-0006","2758694","Vulnerabilities in Microsoft XML Core Services Could Allow Remote Code Execution","Microsoft Windows Server 2003 for Itanium-based Systems Service Pack 2","Microsoft XML Core Services 4.0","Critical","Remote Code Execution",""
"20130108","CVE-2013-0006","2758694","Vulnerabilities in Microsoft XML Core Services Could Allow Remote Code Execution","Microsoft Windows Server 2003 x64 Edition Service Pack 2","Microsoft XML Core Services 4.0","Critical","Remote Code Execution",""
"20140610","CVE-2014-1816","2957482","Vulnerability in Microsoft XML Core Services Could Allow Information Disclosure","Microsoft Windows Server 2003 x64 Edition Service Pack 2","Microsoft XML Core Services 6.0","Important","Information Disclosure",""
"20140610","CVE-2014-1816","2957482","Vulnerability in Microsoft XML Core Services Could Allow Information Disclosure","Microsoft Windows Server 2003 for Itanium-based Systems Service Pack 2","Microsoft XML Core Services 6.0","Important","Information Disclosure",""
"20140610","CVE-2014-1778","2957689","Cumulative Security Update for Internet Explorer","Microsoft Windows Server 2003 x64 Edition Service Pack 2","Windows Internet Explorer 7","Critical","Remote Code Execution","https://exploit-db.com/exploits/34010"
"20140610","CVE-2014-1778","2957689","Cumulative Security Update for Internet Explorer","Microsoft Windows Server 2003 for Itanium-based Systems Service Pack 2","Windows Internet Explorer 7","Critical","Remote Code Execution","https://exploit-db.com/exploits/34010"
"20140610","CVE-2014-1778","2957689","Cumulative Security Update for Internet Explorer","Microsoft Windows Server 2003 x64 Edition Service Pack 2","Windows Internet Explorer 8","Critical","Remote Code Execution","https://exploit-db.com/exploits/34010"
"20140610","CVE-2014-1778","2957689","Cumulative Security Update for Internet Explorer","Microsoft Windows Server 2003 x64 Edition Service Pack 2","Microsoft Internet Explorer 6.0","Critical","Remote Code Execution","https://exploit-db.com/exploits/34010"
"20140610","CVE-2014-1778","2957689","Cumulative Security Update for Internet Explorer","Microsoft Windows Server 2003 for Itanium-based Systems Service Pack 2","Microsoft Internet Explorer 6.0","Critical","Remote Code Execution","https://exploit-db.com/exploits/34010"
"20140610","CVE-2014-2759","2957689","Cumulative Security Update for Internet Explorer","Microsoft Windows Server 2003 x64 Edition Service Pack 2","Windows Internet Explorer 7","Critical","Remote Code Execution","https://exploit-db.com/exploits/34010"
"20140610","CVE-2014-2759","2957689","Cumulative Security Update for Internet Explorer","Microsoft Windows Server 2003 for Itanium-based Systems Service Pack 2","Windows Internet Explorer 7","Critical","Remote Code Execution","https://exploit-db.com/exploits/34010"
"20140610","CVE-2014-2759","2957689","Cumulative Security Update for Internet Explorer","Microsoft Windows Server 2003 x64 Edition Service Pack 2","Windows Internet Explorer 8","Critical","Remote Code Execution","https://exploit-db.com/exploits/34010"
"20140610","CVE-2014-2759","2957689","Cumulative Security Update for Internet Explorer","Microsoft Windows Server 2003 x64 Edition Service Pack 2","Microsoft Internet Explorer 6.0","Critical","Remote Code Execution","https://exploit-db.com/exploits/34010"
"20140610","CVE-2014-2759","2957689","Cumulative Security Update for Internet Explorer","Microsoft Windows Server 2003 for Itanium-based Systems Service Pack 2","Microsoft Internet Explorer 6.0","Critical","Remote Code Execution","https://exploit-db.com/exploits/34010"
"20140812","CVE-2014-2819","2976627","Cumulative Security Update for Internet Explorer","Microsoft Windows Server 2003 x64 Edition Service Pack 2","Microsoft Internet Explorer 6.0","Critical","Remote Code Execution",""
"20140812","CVE-2014-2819","2976627","Cumulative Security Update for Internet Explorer","Microsoft Windows Server 2003 for Itanium-based Systems Service Pack 2","Microsoft Internet Explorer 6.0","Critical","Remote Code Execution",""
"20140812","CVE-2014-2819","2976627","Cumulative Security Update for Internet Explorer","Microsoft Windows Server 2003 x64 Edition Service Pack 2","Windows Internet Explorer 7","Critical","Remote Code Execution",""
"20140812","CVE-2014-2819","2976627","Cumulative Security Update for Internet Explorer","Microsoft Windows Server 2003 for Itanium-based Systems Service Pack 2","Windows Internet Explorer 7","Critical","Remote Code Execution",""
"20140812","CVE-2014-2819","2976627","Cumulative Security Update for Internet Explorer","Microsoft Windows Server 2003 x64 Edition Service Pack 2","Windows Internet Explorer 8","Critical","Remote Code Execution",""
"20140311","CVE-2014-0301","2929961","Vulnerability in Microsoft DirectShow Could Allow Remote Code Execution","Microsoft Windows Server 2003 x64 Edition Service Pack 2","","Critical","Remote Code Execution",""
"20140311","CVE-2014-0301","2929961","Vulnerability in Microsoft DirectShow Could Allow Remote Code Execution","Microsoft Windows Server 2003 for Itanium-based Systems Service Pack 2","","Critical","Remote Code Execution",""
